№,Date,Time,Username,Profile,Comment,Price
1,apr/01/2026,01:54:57,F2HUJ,2RB/4JAM-Eceu,up-401-02.04.26-,1500
2,apr/01/2026,02:26:30,E44W4,2RB/4JAM-Warung,up-444-01.26.26-,1500
3,apr/01/2026,06:27:18,C2N3A,2RB/4JAM-TEH-ENTI,up-147-02.04.26-,1500
4,apr/01/2026,07:01:13,E4F25,2RB/4JAM-Warung,up-196-01.26.26-,1500
5,apr/01/2026,11:03:57,E4F9L,2RB/4JAM-Warung,up-444-01.26.26-,1500
6,apr/01/2026,11:13:44,C1MP7,1RB/2JAM-TEH-ENTI,up-455-02.04.26-,500
7,apr/01/2026,11:18:45,E4Z5K,2RB/4JAM-Warung,up-196-01.26.26-,1500
8,apr/01/2026,11:53:42,C2C58,2RB/4JAM-TEH-ENTI,up-147-02.04.26-,1500
9,apr/01/2026,11:54:07,E4V2E,2RB/4JAM-Warung,up-444-01.26.26-,1500
10,apr/01/2026,11:56:45,E4M2F,2RB/4JAM-Warung,up-196-01.26.26-,1500
11,apr/01/2026,13:05:16,E4GZN,2RB/4JAM-Warung,up-444-01.26.26-,1500
12,apr/01/2026,13:26:31,F2795,2RB/4JAM-Eceu,up-401-02.04.26-,1500
13,apr/01/2026,13:49:23,E45P6,2RB/4JAM-Warung,up-196-01.26.26-,1500
14,apr/01/2026,14:25:27,E4D6P,2RB/4JAM-Warung,up-196-01.26.26-,1500
15,apr/01/2026,16:00:05,C1WWH,1RB/2JAM-TEH-ENTI,up-455-02.04.26-,500
16,apr/01/2026,16:04:20,E4D47,2RB/4JAM-Warung,up-196-01.26.26-,1500
17,apr/01/2026,16:15:30,C128W,1RB/2JAM-TEH-ENTI,up-455-02.04.26-,500
18,apr/01/2026,18:28:25,E4F42,2RB/4JAM-Warung,up-196-01.26.26-,1500
19,apr/01/2026,18:37:00,F2B5C,2RB/4JAM-Eceu,up-401-02.04.26-,1500
20,apr/01/2026,18:56:22,E4ZGR,2RB/4JAM-Warung,up-196-01.26.26-,1500
21,apr/01/2026,19:23:15,E4J4Y,2RB/4JAM-Warung,up-444-01.26.26-,1500
22,apr/01/2026,19:31:43,E237V,1RB/2JAM-Warung,up-780-01.31.26-,500
23,apr/01/2026,19:32:28,E2ERY,1RB/2JAM-Warung,up-780-01.31.26-,500
24,apr/01/2026,19:49:22,E2RM8,1RB/2JAM-Warung,up-780-01.31.26-,500
25,apr/01/2026,19:50:06,E29AK,1RB/2JAM-Warung,up-780-01.31.26-,500
26,apr/01/2026,20:43:59,E464B,2RB/4JAM-Warung,up-444-01.26.26-,1500
27,apr/01/2026,20:51:47,E25CK,1RB/2JAM-Warung,up-634-01.31.26-,500
28,apr/01/2026,20:56:50,E4W8V,2RB/4JAM-Warung,up-444-01.26.26-,1500
29,apr/01/2026,21:04:00,E4K2B,2RB/4JAM-Warung,up-444-01.26.26-,1500
30,apr/01/2026,21:09:12,C1RV8,1RB/2JAM-TEH-ENTI,up-455-02.04.26-,500
31,apr/01/2026,21:09:29,E48J5,2RB/4JAM-Warung,up-196-01.26.26-,1500
32,apr/01/2026,21:36:40,E2K6S,1RB/2JAM-Warung,up-634-01.31.26-,500
33,apr/01/2026,21:43:30,C2JK4,2RB/4JAM-TEH-ENTI,up-147-02.04.26-,1500
34,apr/01/2026,22:04:10,B44L2,2RB/4JAM-ILHAM,up-239-02.03.26-,1000
35,apr/01/2026,22:25:03,E53N7,5RB/12JAM-Warung,up-863-12.30.25-301225,4000
36,apr/01/2026,22:33:25,E4GE4,2RB/4JAM-Warung,up-444-01.26.26-,1500
37,apr/01/2026,23:07:18,E4SED,2RB/4JAM-Warung,up-196-01.26.26-,1500
38,apr/02/2026,01:11:58,E427K,2RB/4JAM-Warung,up-444-01.26.26-,1500
39,apr/02/2026,01:39:40,E5B7Y,5RB/12JAM-Warung,up-863-12.30.25-301225,4000
40,apr/02/2026,06:03:38,C2GUA,2RB/4JAM-TEH-ENTI,up-147-02.04.26-,1500
41,apr/02/2026,06:09:31,F297P,2RB/4JAM-Eceu,up-401-02.04.26-,1500
42,apr/02/2026,06:33:02,C2ZBF,2RB/4JAM-TEH-ENTI,up-147-02.04.26-,1500
43,apr/02/2026,08:36:18,C2ZCN,2RB/4JAM-TEH-ENTI,up-147-02.04.26-,1500
44,apr/02/2026,12:20:24,D5ZH4U,5RB/12JAM-TEH-ENTI,up-539-07.27.25-,4000
45,apr/02/2026,12:23:32,E4C7V,2RB/4JAM-Warung,up-196-01.26.26-,1500
46,apr/02/2026,13:43:38,E4ATA,2RB/4JAM-Warung,up-196-01.26.26-,1500
47,apr/02/2026,13:47:23,F2RB3,2RB/4JAM-Eceu,up-401-02.04.26-,1500
48,apr/02/2026,14:35:42,E255V,1RB/2JAM-Warung,up-634-01.31.26-,500
49,apr/02/2026,15:25:57,E4A8P,2RB/4JAM-Warung,up-196-01.26.26-,1500
50,apr/02/2026,16:09:08,E4ECZ,2RB/4JAM-Warung,up-196-01.26.26-,1500
51,apr/02/2026,16:21:09,E2NXZ,1RB/2JAM-Warung,up-634-01.31.26-,500
52,apr/02/2026,16:21:54,E2S2N,1RB/2JAM-Warung,up-634-01.31.26-,500
53,apr/02/2026,17:44:17,C2GVL,2RB/4JAM-TEH-ENTI,up-147-02.04.26-,1500
54,apr/02/2026,19:05:21,E2U67,1RB/2JAM-Warung,up-634-01.31.26-,500
55,apr/02/2026,19:51:03,E4LJ9,2RB/4JAM-Warung,up-444-01.26.26-,1500
56,apr/02/2026,20:05:56,E4PYA,2RB/4JAM-Warung,up-444-01.26.26-,1500
57,apr/02/2026,20:12:58,E4VBK,2RB/4JAM-Warung,up-444-01.26.26-,1500
58,apr/02/2026,21:06:58,E2VX6,1RB/2JAM-Warung,up-634-01.31.26-,500
59,apr/02/2026,22:09:18,C1YKU,1RB/2JAM-TEH-ENTI,up-455-02.04.26-,500
60,apr/02/2026,22:09:50,E4STF,2RB/4JAM-Warung,up-444-01.26.26-,1500
61,apr/02/2026,22:14:59,B5ND8,5RB/12JAM-ILHAM,up-371-11.22.24-,3000
62,apr/02/2026,22:23:47,B2TZH,1RB/2JAM-ILHAM,up-718-09.06.25-,500
63,apr/02/2026,22:27:45,E24B7,1RB/2JAM-Warung,up-634-01.31.26-,500
64,apr/02/2026,22:32:09,E49AY,2RB/4JAM-Warung,up-444-01.26.26-,1500
65,apr/02/2026,22:51:15,F22TP,2RB/4JAM-Eceu,up-401-02.04.26-,1500
66,apr/02/2026,23:02:23,E492F,2RB/4JAM-Warung,up-444-01.26.26-,1500
67,apr/02/2026,23:52:00,E4N36,2RB/4JAM-Warung,up-444-01.26.26-,1500
68,apr/03/2026,00:52:18,E4X6H,2RB/4JAM-Warung,up-196-01.26.26-,1500
69,apr/03/2026,00:58:45,B4T86,2RB/4JAM-ILHAM,up-239-02.03.26-,1000
70,apr/03/2026,02:19:59,E47MV,2RB/4JAM-Warung,up-196-01.26.26-,1500
71,apr/03/2026,03:18:55,E4E5V,2RB/4JAM-Warung,up-196-01.26.26-,1500
72,apr/03/2026,05:18:41,D5B4LT,5RB/12JAM-TEH-ENTI,up-539-07.27.25-,4000
73,apr/03/2026,08:08:49,C29WK,2RB/4JAM-TEH-ENTI,up-147-02.04.26-,1500
74,apr/03/2026,08:18:56,C2VBS,2RB/4JAM-TEH-ENTI,up-147-02.04.26-,1500
75,apr/03/2026,08:29:31,E4LC8,2RB/4JAM-Warung,up-196-01.26.26-,1500
76,apr/03/2026,08:36:46,E49JG,2RB/4JAM-Warung,up-196-01.26.26-,1500
77,apr/03/2026,08:52:10,C269J,2RB/4JAM-TEH-ENTI,up-147-02.04.26-,1500
78,apr/03/2026,08:56:12,E2M5H,1RB/2JAM-Warung,up-780-01.31.26-,500
79,apr/03/2026,12:59:35,E43UA,2RB/4JAM-Warung,up-196-01.26.26-,1500
80,apr/03/2026,13:01:02,E2NNJ,1RB/2JAM-Warung,up-780-01.31.26-,500
81,apr/03/2026,13:08:55,E2BN5,1RB/2JAM-Warung,up-780-01.31.26-,500
82,apr/03/2026,13:32:56,B4K8X,2RB/4JAM-ILHAM,up-239-02.03.26-,1000
83,apr/03/2026,13:33:20,E2LHF,1RB/2JAM-Warung,up-634-01.31.26-,500
84,apr/03/2026,14:09:58,F2LKY,2RB/4JAM-Eceu,up-401-02.04.26-,1500
85,apr/03/2026,14:17:59,F2F4M,2RB/4JAM-Eceu,up-401-02.04.26-,1500
86,apr/03/2026,15:30:24,E4N9U,2RB/4JAM-Warung,up-444-01.26.26-,1500
87,apr/03/2026,15:54:48,E43P8,2RB/4JAM-Warung,up-196-01.26.26-,1500
88,apr/03/2026,16:22:30,B4AEL,2RB/4JAM-ILHAM,up-239-02.03.26-,1000
89,apr/03/2026,17:44:59,E4C27,2RB/4JAM-Warung,up-444-01.26.26-,1500
90,apr/03/2026,17:51:36,E4VVU,2RB/4JAM-Warung,up-444-01.26.26-,1500
91,apr/03/2026,18:25:04,F2ZLP,2RB/4JAM-Eceu,up-401-02.04.26-,1500
92,apr/03/2026,18:44:32,E234E,1RB/2JAM-Warung,up-780-01.31.26-,500
93,apr/03/2026,18:49:02,E28U3,1RB/2JAM-Warung,up-780-01.31.26-,500
94,apr/03/2026,19:14:47,E4C9A,2RB/4JAM-Warung,up-718-04.01.26-,1500
95,apr/03/2026,19:30:34,E4PCA,2RB/4JAM-Warung,up-444-01.26.26-,1500
96,apr/03/2026,20:31:13,E28BH,1RB/2JAM-Warung,up-780-01.31.26-,500
97,apr/03/2026,21:17:59,F2YX4,2RB/4JAM-Eceu,up-401-02.04.26-,1500
98,apr/03/2026,21:19:07,E42H6,2RB/4JAM-Warung,up-718-04.01.26-,1500
99,apr/03/2026,21:20:00,E44TM,2RB/4JAM-Warung,up-718-04.01.26-,1500
100,apr/03/2026,21:20:39,F2SHU,2RB/4JAM-Eceu,up-401-02.04.26-,1500
101,apr/03/2026,21:22:22,E5964,5RB/12JAM-Warung,up-863-12.30.25-301225,4000
102,apr/03/2026,21:27:30,F2A77,2RB/4JAM-Eceu,up-401-02.04.26-,1500
103,apr/03/2026,22:23:06,B44PZ,2RB/4JAM-ILHAM,up-883-02.03.26-,1000
104,apr/03/2026,22:43:37,E4NWS,2RB/4JAM-Warung,up-718-04.01.26-,1500
105,apr/03/2026,22:46:35,E42GP,2RB/4JAM-Warung,up-718-04.01.26-,1500
106,apr/03/2026,22:58:17,B4HPE,2RB/4JAM-ILHAM,up-883-02.03.26-,1000
107,apr/03/2026,22:58:56,E2UVJ,1RB/2JAM-Warung,up-634-01.31.26-,500
108,apr/03/2026,23:22:16,E25EE,1RB/2JAM-Warung,up-634-01.31.26-,500
109,apr/03/2026,23:24:46,E23KR,1RB/2JAM-Warung,up-634-01.31.26-,500
110,apr/04/2026,01:37:01,E5DZE,5RB/12JAM-Warung,up-863-12.30.25-301225,4000
111,apr/04/2026,02:53:23,F26ZA,2RB/4JAM-Eceu,up-401-02.04.26-,1500
112,apr/04/2026,05:53:18,C2KDB,2RB/4JAM-TEH-ENTI,up-147-02.04.26-,1500
113,apr/04/2026,08:07:31,F2YMM,2RB/4JAM-Eceu,up-401-02.04.26-,1500
114,apr/04/2026,08:28:25,F2SCM,2RB/4JAM-Eceu,up-401-02.04.26-,1500
115,apr/04/2026,10:14:44,C1UL8,1RB/2JAM-TEH-ENTI,up-455-02.04.26-,500
116,apr/04/2026,11:13:36,E499R,2RB/4JAM-Warung,up-718-04.01.26-,1500
117,apr/04/2026,12:05:23,E4HYB,2RB/4JAM-Warung,up-718-04.01.26-,1500
118,apr/04/2026,12:20:12,E4GAL,2RB/4JAM-Warung,up-718-04.01.26-,1500
119,apr/04/2026,12:22:02,E4LP5,2RB/4JAM-Warung,up-718-04.01.26-,1500
120,apr/04/2026,12:26:29,F2KY7,2RB/4JAM-Eceu,up-401-02.04.26-,1500
121,apr/04/2026,12:33:04,E4EHG,2RB/4JAM-Warung,up-718-04.01.26-,1500
122,apr/04/2026,13:06:19,E42BC,2RB/4JAM-Warung,up-718-04.01.26-,1500
123,apr/04/2026,13:18:35,E2U8X,1RB/2JAM-Warung,up-634-01.31.26-,500
124,apr/04/2026,13:26:38,F2NSL,2RB/4JAM-Eceu,up-401-02.04.26-,1500
125,apr/04/2026,14:04:56,E4SZC,2RB/4JAM-Warung,up-718-04.01.26-,1500
126,apr/04/2026,16:09:52,E2D4N,1RB/2JAM-Warung,up-634-01.31.26-,500
127,apr/04/2026,16:15:18,E2SL3,1RB/2JAM-Warung,up-634-01.31.26-,500
128,apr/04/2026,16:44:11,E2CLJ,1RB/2JAM-Warung,up-780-01.31.26-,500
129,apr/04/2026,16:50:01,E29WD,1RB/2JAM-Warung,up-780-01.31.26-,500
130,apr/04/2026,16:53:26,E48V7,2RB/4JAM-Warung,up-718-04.01.26-,1500
131,apr/04/2026,16:54:19,E4ZCT,2RB/4JAM-Warung,up-718-04.01.26-,1500
132,apr/04/2026,17:49:15,E4ERV,2RB/4JAM-Warung,up-718-04.01.26-,1500
133,apr/04/2026,17:56:01,F26H3,2RB/4JAM-Eceu,up-401-02.04.26-,1500
134,apr/04/2026,19:20:41,E2ZMX,1RB/2JAM-Warung,up-634-01.31.26-,500
135,apr/04/2026,19:37:18,E4GS3,2RB/4JAM-Warung,up-718-04.01.26-,1500
136,apr/04/2026,20:06:45,D5N2VS,5RB/12JAM-TEH-ENTI,up-539-07.27.25-,4000
137,apr/04/2026,20:11:30,E55RD,5RB/12JAM-Warung,up-863-12.30.25-301225,4000
138,apr/04/2026,20:17:01,E5PRD,5RB/12JAM-Warung,up-863-12.30.25-301225,4000
139,apr/04/2026,20:23:42,E2F5J,1RB/2JAM-Warung,up-780-01.31.26-,500
140,apr/04/2026,20:37:05,E4N57,2RB/4JAM-Warung,up-718-04.01.26-,1500
141,apr/04/2026,20:54:22,C1XYR,1RB/2JAM-TEH-ENTI,up-455-02.04.26-,500
142,apr/04/2026,21:19:45,F2J49,2RB/4JAM-Eceu,up-401-02.04.26-,1500
143,apr/04/2026,21:22:18,D5PJTK,5RB/12JAM-TEH-ENTI,up-539-07.27.25-,4000
144,apr/04/2026,21:41:24,E49AG,2RB/4JAM-Warung,up-718-04.01.26-,1500
145,apr/04/2026,21:44:35,E4PBK,2RB/4JAM-Warung,up-718-04.01.26-,1500
146,apr/04/2026,21:50:26,E47VL,2RB/4JAM-Warung,up-718-04.01.26-,1500
147,apr/04/2026,21:55:48,E2JB6,1RB/2JAM-Warung,up-780-01.31.26-,500
148,apr/04/2026,21:56:36,E4MR8,2RB/4JAM-Warung,up-718-04.01.26-,1500
149,apr/04/2026,22:02:59,E46A2,2RB/4JAM-Warung,up-718-04.01.26-,1500
150,apr/04/2026,22:46:04,E2AFB,1RB/2JAM-Warung,up-780-01.31.26-,500
151,apr/05/2026,01:03:22,E4ETB,2RB/4JAM-Warung,up-718-04.01.26-,1500
152,apr/05/2026,01:41:31,H5R4F,5RB/12JAM-HOME,up-921-07.22.24-,3000
153,apr/05/2026,02:03:34,E59CH,5RB/12JAM-Warung,up-863-12.30.25-301225,4000
154,apr/05/2026,04:33:38,E4YXG,2RB/4JAM-Warung,up-718-04.01.26-,1500
155,apr/05/2026,07:29:06,F2FY3,2RB/4JAM-Eceu,up-401-02.04.26-,1500
156,apr/05/2026,07:50:55,C1HUG,1RB/2JAM-TEH-ENTI,up-455-02.04.26-,500
157,apr/05/2026,08:49:28,E4D39,2RB/4JAM-Warung,up-718-04.01.26-,1500
158,apr/05/2026,10:46:56,C24FG,2RB/4JAM-TEH-ENTI,up-147-02.04.26-,1500
159,apr/05/2026,11:42:35,E4DZX,2RB/4JAM-Warung,up-718-04.01.26-,1500
160,apr/05/2026,12:01:34,E44VN,2RB/4JAM-Warung,up-718-04.01.26-,1500
161,apr/05/2026,12:11:57,F2LAW,2RB/4JAM-Eceu,up-401-02.04.26-,1500
162,apr/05/2026,12:14:41,E4D4K,2RB/4JAM-Warung,up-718-04.01.26-,1500
163,apr/05/2026,12:23:22,E58XE,5RB/12JAM-Warung,up-863-12.30.25-301225,4000
164,apr/05/2026,12:40:11,E2ETT,1RB/2JAM-Warung,up-780-01.31.26-,500
165,apr/05/2026,13:51:16,E4FSG,2RB/4JAM-Warung,up-718-04.01.26-,1500
166,apr/05/2026,14:30:56,E4WXR,2RB/4JAM-Warung,up-718-04.01.26-,1500
167,apr/05/2026,14:50:25,E2ANM,1RB/2JAM-Warung,up-780-01.31.26-,500
168,apr/05/2026,14:50:55,E4ZK4,2RB/4JAM-Warung,up-718-04.01.26-,1500
169,apr/05/2026,15:56:11,E4M3A,2RB/4JAM-Warung,up-718-04.01.26-,1500
170,apr/05/2026,17:12:17,E2WRR,1RB/2JAM-Warung,up-780-01.31.26-,500
171,apr/05/2026,17:44:16,E4PWV,2RB/4JAM-Warung,up-718-04.01.26-,1500
172,apr/05/2026,17:48:29,E4DZB,2RB/4JAM-Warung,up-718-04.01.26-,1500
173,apr/05/2026,17:51:04,E2UX6,1RB/2JAM-Warung,up-780-01.31.26-,500
174,apr/05/2026,18:02:50,E22ET,1RB/2JAM-Warung,up-780-01.31.26-,500
175,apr/05/2026,18:15:54,E42X6,2RB/4JAM-Warung,up-718-04.01.26-,1500
176,apr/05/2026,18:27:37,E59JZ,5RB/12JAM-Warung,up-863-12.30.25-301225,4000
177,apr/05/2026,19:05:31,C2AH3,2RB/4JAM-TEH-ENTI,up-147-02.04.26-,1500
178,apr/05/2026,19:21:38,C1S89,1RB/2JAM-TEH-ENTI,up-455-02.04.26-,500
179,apr/05/2026,19:42:30,E28L3,1RB/2JAM-Warung,up-780-01.31.26-,500
180,apr/05/2026,20:05:09,E2CHL,1RB/2JAM-Warung,up-634-01.31.26-,500
181,apr/05/2026,20:38:05,E2P49,1RB/2JAM-Warung,up-780-01.31.26-,500
182,apr/05/2026,20:43:10,E4X6R,2RB/4JAM-Warung,up-718-04.01.26-,1500
183,apr/05/2026,20:43:26,C29NC,2RB/4JAM-TEH-ENTI,up-147-02.04.26-,1500
184,apr/05/2026,20:58:34,E2MX5,1RB/2JAM-Warung,up-780-01.31.26-,500
185,apr/05/2026,21:21:11,E46X6,2RB/4JAM-Warung,up-718-04.01.26-,1500
186,apr/05/2026,22:06:17,H5PLZ,5RB/12JAM-HOME,up-921-07.22.24-,3000
187,apr/05/2026,23:05:06,E5M73,5RB/12JAM-Warung,up-863-12.30.25-301225,4000
188,apr/05/2026,23:27:04,E469P,2RB/4JAM-Warung,up-718-04.01.26-,1500
189,apr/05/2026,23:27:47,E47Y9,2RB/4JAM-Warung,up-718-04.01.26-,1500
190,apr/06/2026,00:10:52,E2M9V,1RB/2JAM-Warung,up-634-01.31.26-,500
191,apr/06/2026,05:40:35,C2H7C,2RB/4JAM-TEH-ENTI,up-147-02.04.26-,1500
192,apr/06/2026,06:12:49,E4W9A,2RB/4JAM-Warung,up-718-04.01.26-,1500
193,apr/06/2026,06:30:53,D5V2EC,5RB/12JAM-TEH-ENTI,up-539-07.27.25-,4000
194,apr/06/2026,09:57:14,C2T9G,2RB/4JAM-TEH-ENTI,up-147-02.04.26-,1500
195,apr/06/2026,10:57:13,E44CH,2RB/4JAM-Warung,up-718-04.01.26-,1500
196,apr/06/2026,11:05:09,E5FFH,5RB/12JAM-Warung,up-863-12.30.25-301225,4000
197,apr/06/2026,11:10:09,E44BH,2RB/4JAM-Warung,up-718-04.01.26-,1500
198,apr/06/2026,11:43:48,E4FMT,2RB/4JAM-Warung,up-718-04.01.26-,1500
199,apr/06/2026,11:54:53,E4T5L,2RB/4JAM-Warung,up-718-04.01.26-,1500
200,apr/06/2026,12:50:34,E4H8F,2RB/4JAM-Warung,up-196-01.26.26-,1500
201,apr/06/2026,13:06:09,E4V7W,2RB/4JAM-Warung,up-718-04.01.26-,1500
202,apr/06/2026,15:01:32,B5JP4,5RB/12JAM-ILHAM,up-371-11.22.24-,3000
203,apr/06/2026,15:05:44,E45M9,2RB/4JAM-Warung,up-718-04.01.26-,1500
204,apr/06/2026,15:37:56,C2LJ3,2RB/4JAM-TEH-ENTI,up-147-02.04.26-,1500
205,apr/06/2026,15:54:19,E4T9J,2RB/4JAM-Warung,up-718-04.01.26-,1500
206,apr/06/2026,17:05:38,E4JEB,2RB/4JAM-Warung,up-718-04.01.26-,1500
207,apr/06/2026,17:09:23,E4M2Y,2RB/4JAM-Warung,up-718-04.01.26-,1500
208,apr/06/2026,17:24:03,E4MNT,2RB/4JAM-Warung,up-718-04.01.26-,1500
209,apr/06/2026,18:17:47,E4SN7,2RB/4JAM-Warung,up-718-04.01.26-,1500
210,apr/06/2026,18:54:10,E4CFV,2RB/4JAM-Warung,up-718-04.01.26-,1500
211,apr/06/2026,19:53:43,E2Y8J,1RB/2JAM-Warung,up-634-01.31.26-,500
212,apr/06/2026,19:55:03,E2XZ8,1RB/2JAM-Warung,up-634-01.31.26-,500
213,apr/06/2026,20:10:11,C1NGG,1RB/2JAM-TEH-ENTI,up-455-02.04.26-,500
214,apr/06/2026,20:11:23,C1AHY,1RB/2JAM-TEH-ENTI,up-455-02.04.26-,500
215,apr/06/2026,20:12:54,C2GFK,2RB/4JAM-TEH-ENTI,up-147-02.04.26-,1500
216,apr/06/2026,20:24:53,E2S5M,1RB/2JAM-Warung,up-634-01.31.26-,500
217,apr/06/2026,23:15:29,E4DFC,2RB/4JAM-Warung,up-718-04.01.26-,1500
218,apr/07/2026,00:06:51,E4WAX,2RB/4JAM-Warung,up-718-04.01.26-,1500
219,apr/07/2026,00:39:19,E4RSS,2RB/4JAM-Warung,up-718-04.01.26-,1500
220,apr/07/2026,01:02:53,E4U8L,2RB/4JAM-Warung,up-718-04.01.26-,1500
221,apr/07/2026,05:43:58,E5GAE,5RB/12JAM-Warung,up-863-12.30.25-301225,4000
222,apr/07/2026,06:22:15,C23FG,2RB/4JAM-TEH-ENTI,up-147-02.04.26-,1500
223,apr/07/2026,09:47:00,E4YAD,2RB/4JAM-Warung,up-718-04.01.26-,1500
224,apr/07/2026,11:02:59,E5WBU,5RB/12JAM-Warung,up-863-12.30.25-301225,4000
225,apr/07/2026,11:17:25,C269P,2RB/4JAM-TEH-ENTI,up-147-02.04.26-,1500
226,apr/07/2026,11:41:43,C2RFE,2RB/4JAM-TEH-ENTI,up-147-02.04.26-,1500
227,apr/07/2026,13:04:04,B4D78,2RB/4JAM-ILHAM,up-883-02.03.26-,1000
228,apr/07/2026,13:16:18,B45JG,2RB/4JAM-ILHAM,up-239-02.03.26-,1000
229,apr/07/2026,14:43:09,B4ELE,2RB/4JAM-ILHAM,up-883-02.03.26-,1000
230,apr/07/2026,17:33:36,B5SE9,5RB/12JAM-ILHAM,up-371-11.22.24-,3000
231,apr/07/2026,18:26:30,B4BE4,2RB/4JAM-ILHAM,up-239-02.03.26-,1000
232,apr/07/2026,19:29:34,C1G6M,1RB/2JAM-TEH-ENTI,up-455-02.04.26-,500
233,apr/07/2026,19:31:42,C2DRL,2RB/4JAM-TEH-ENTI,up-147-02.04.26-,1500
234,apr/07/2026,19:33:40,B4L9P,2RB/4JAM-ILHAM,up-883-02.03.26-,1000
235,apr/07/2026,20:12:40,B5MEK,5RB/12JAM-ILHAM,up-371-11.22.24-,3000
236,apr/07/2026,20:18:36,E2XJX,1RB/2JAM-Warung,up-634-01.31.26-,500
237,apr/07/2026,20:27:23,C139K,1RB/2JAM-TEH-ENTI,up-455-02.04.26-,500
238,apr/07/2026,22:23:41,B4DN6,2RB/4JAM-ILHAM,up-883-02.03.26-,1000
239,apr/07/2026,22:48:41,B5P49,5RB/12JAM-ILHAM,up-371-11.22.24-,3000
240,apr/07/2026,23:03:25,B4WTA,2RB/4JAM-ILHAM,up-239-02.03.26-,1000
241,apr/07/2026,23:22:49,B4NKX,2RB/4JAM-ILHAM,up-883-02.03.26-,1000
242,apr/07/2026,23:32:32,B52ET,5RB/12JAM-ILHAM,up-371-11.22.24-,3000
243,apr/08/2026,10:12:16,C2AKZ,2RB/4JAM-TEH-ENTI,up-147-02.04.26-,1500
244,apr/08/2026,11:51:48,C2VNE,2RB/4JAM-TEH-ENTI,up-147-02.04.26-,1500
245,apr/08/2026,12:01:19,E4GZ6,2RB/4JAM-Warung,up-718-04.01.26-,1500
246,apr/08/2026,12:40:55,C22Y3,2RB/4JAM-TEH-ENTI,up-147-02.04.26-,1500
247,apr/08/2026,13:38:09,E2RBM,1RB/2JAM-Warung,up-780-01.31.26-,500
248,apr/08/2026,14:08:52,E4E7T,2RB/4JAM-Warung,up-718-04.01.26-,1500
249,apr/08/2026,14:21:33,E5STC,5RB/12JAM-Warung,up-863-12.30.25-301225,4000
250,apr/08/2026,15:05:17,E2Y5E,1RB/2JAM-Warung,up-780-01.31.26-,500
251,apr/08/2026,15:09:56,E2B4E,1RB/2JAM-Warung,up-780-01.31.26-,500
252,apr/08/2026,15:34:35,E22LG,1RB/2JAM-Warung,up-780-01.31.26-,500
253,apr/08/2026,16:31:49,E27CR,1RB/2JAM-Warung,up-780-01.31.26-,500
254,apr/08/2026,16:51:44,E46TV,2RB/4JAM-Warung,up-718-04.01.26-,1500
255,apr/08/2026,17:28:37,D5SXKH,5RB/12JAM-TEH-ENTI,up-539-07.27.25-,4000
256,apr/08/2026,17:29:09,E2BAM,1RB/2JAM-Warung,up-780-01.31.26-,500
257,apr/08/2026,17:45:48,E4HAV,2RB/4JAM-Warung,up-718-04.01.26-,1500
258,apr/08/2026,17:50:01,E4CMV,2RB/4JAM-Warung,up-718-04.01.26-,1500
259,apr/08/2026,18:58:38,E2GLA,1RB/2JAM-Warung,up-634-01.31.26-,500
260,apr/08/2026,18:59:32,E4J39,2RB/4JAM-Warung,up-718-04.01.26-,1500
261,apr/08/2026,19:39:53,B4CED,2RB/4JAM-ILHAM,up-883-02.03.26-,1000
262,apr/08/2026,19:54:26,E4S5B,2RB/4JAM-Warung,up-718-04.01.26-,1500
263,apr/08/2026,20:14:50,E2SY6,1RB/2JAM-Warung,up-634-01.31.26-,500
264,apr/08/2026,20:43:59,E2XPB,1RB/2JAM-Warung,up-780-01.31.26-,500
265,apr/08/2026,21:12:42,E24GZ,1RB/2JAM-Warung,up-634-01.31.26-,500
266,apr/08/2026,21:21:36,E5GLD,5RB/12JAM-Warung,up-863-12.30.25-301225,4000
267,apr/08/2026,21:22:45,C28B8,2RB/4JAM-TEH-ENTI,up-147-02.04.26-,1500
268,apr/08/2026,21:33:47,C2LSK,2RB/4JAM-TEH-ENTI,up-147-02.04.26-,1500
269,apr/08/2026,21:39:33,E2KPM,1RB/2JAM-Warung,up-780-01.31.26-,500
270,apr/08/2026,22:29:19,H5YG9,5RB/12JAM-HOME,up-921-07.22.24-,3000
271,apr/08/2026,23:22:21,E5XZ6,5RB/12JAM-Warung,up-863-12.30.25-301225,4000
272,apr/09/2026,00:07:05,E4NYB,2RB/4JAM-Warung,up-196-01.26.26-,1500
273,apr/09/2026,00:14:05,E4AUL,2RB/4JAM-Warung,up-718-04.01.26-,1500
274,apr/09/2026,00:36:15,E4D6B,2RB/4JAM-Warung,up-718-04.01.26-,1500
275,apr/09/2026,06:52:20,C2LFP,2RB/4JAM-TEH-ENTI,up-147-02.04.26-,1500
276,apr/09/2026,08:21:00,E43TR,2RB/4JAM-Warung,up-718-04.01.26-,1500
277,apr/09/2026,08:33:33,C2BXM,2RB/4JAM-TEH-ENTI,up-147-02.04.26-,1500
278,apr/09/2026,11:14:18,C2HFN,2RB/4JAM-TEH-ENTI,up-147-02.04.26-,1500
279,apr/09/2026,12:44:30,E2ARS,1RB/2JAM-Warung,up-634-01.31.26-,500
280,apr/09/2026,13:22:13,E2674,1RB/2JAM-Warung,up-634-01.31.26-,500
281,apr/09/2026,13:35:09,B5JE5,5RB/12JAM-ILHAM,up-371-11.22.24-,3000
282,apr/09/2026,14:10:33,E443D,2RB/4JAM-Warung,up-718-04.01.26-,1500
283,apr/09/2026,14:22:08,E454M,2RB/4JAM-Warung,up-718-04.01.26-,1500
284,apr/09/2026,14:33:50,E4AVJ,2RB/4JAM-Warung,up-718-04.01.26-,1500
285,apr/09/2026,17:01:49,C2TA4,2RB/4JAM-TEH-ENTI,up-147-02.04.26-,1500
286,apr/09/2026,17:51:34,E4W4E,2RB/4JAM-Warung,up-718-04.01.26-,1500
287,apr/09/2026,18:04:33,E28XH,1RB/2JAM-Warung,up-780-01.31.26-,500
288,apr/09/2026,18:45:14,E455G,2RB/4JAM-Warung,up-718-04.01.26-,1500
289,apr/09/2026,18:56:17,B4E95,2RB/4JAM-ILHAM,up-883-02.03.26-,1000
290,apr/09/2026,19:05:33,E4PG6,2RB/4JAM-Warung,up-718-04.01.26-,1500
291,apr/09/2026,19:19:29,E42VW,2RB/4JAM-Warung,up-718-04.01.26-,1500
292,apr/09/2026,19:24:59,C2ZZH,2RB/4JAM-TEH-ENTI,up-147-02.04.26-,1500
293,apr/09/2026,19:49:25,E26P9,1RB/2JAM-Warung,up-780-01.31.26-,500
294,apr/09/2026,19:49:26,E24X4,1RB/2JAM-Warung,up-780-01.31.26-,500
295,apr/09/2026,20:19:14,E2XYB,1RB/2JAM-Warung,up-780-01.31.26-,500
296,apr/09/2026,20:48:35,E2NZR,1RB/2JAM-Warung,up-780-01.31.26-,500
297,apr/09/2026,20:59:52,E2S8Y,1RB/2JAM-Warung,up-634-01.31.26-,500
298,apr/09/2026,21:19:12,E2BBM,1RB/2JAM-Warung,up-780-01.31.26-,500
299,apr/09/2026,21:24:40,E2BMZ,1RB/2JAM-Warung,up-634-01.31.26-,500
300,apr/09/2026,21:37:45,D5B9LX,5RB/12JAM-TEH-ENTI,up-539-07.27.25-,4000
301,apr/09/2026,22:15:40,E5Y43,5RB/12JAM-Warung,up-863-12.30.25-301225,4000
302,apr/09/2026,22:16:55,E57HE,5RB/12JAM-Warung,up-863-12.30.25-301225,4000
303,apr/09/2026,22:20:33,E4EV9,2RB/4JAM-Warung,up-718-04.01.26-,1500
304,apr/09/2026,22:41:04,E4ARD,2RB/4JAM-Warung,up-718-04.01.26-,1500
305,apr/09/2026,23:08:05,E2A3J,1RB/2JAM-Warung,up-634-01.31.26-,500
306,apr/09/2026,23:08:21,E4X4W,2RB/4JAM-Warung,up-718-04.01.26-,1500
307,apr/09/2026,23:48:02,E4ZN9,2RB/4JAM-Warung,up-718-04.01.26-,1500
308,apr/10/2026,00:51:02,E4F49,2RB/4JAM-Warung,up-718-04.01.26-,1500
309,apr/10/2026,06:06:43,D532LH,5RB/12JAM-TEH-ENTI,up-539-07.27.25-,4000
310,apr/10/2026,07:41:12,E4ZD8,2RB/4JAM-Warung,up-718-04.01.26-,1500
311,apr/10/2026,09:57:43,E2BM4,1RB/2JAM-Warung,up-780-01.31.26-,500
312,apr/10/2026,11:12:23,E4CCT,2RB/4JAM-Warung,up-718-04.01.26-,1500
313,apr/10/2026,11:14:42,C2VZ7,2RB/4JAM-TEH-ENTI,up-147-02.04.26-,1500
314,apr/10/2026,11:33:02,E4RXC,2RB/4JAM-Warung,up-718-04.01.26-,1500
315,apr/10/2026,11:56:15,E4MG7,2RB/4JAM-Warung,up-718-04.01.26-,1500
316,apr/10/2026,12:29:32,E454V,2RB/4JAM-Warung,up-718-04.01.26-,1500
317,apr/10/2026,13:34:08,B427K,2RB/4JAM-ILHAM,up-883-02.03.26-,1000
318,apr/10/2026,13:43:26,E2FX9,1RB/2JAM-Warung,up-634-01.31.26-,500
319,apr/10/2026,14:13:22,E5L63,5RB/12JAM-Warung,up-863-12.30.25-301225,4000
320,apr/10/2026,16:34:16,E4CAT,2RB/4JAM-Warung,up-718-04.01.26-,1500
321,apr/10/2026,16:40:01,E4DJ5,2RB/4JAM-Warung,up-718-04.01.26-,1500
322,apr/10/2026,17:10:22,C2PXK,2RB/4JAM-TEH-ENTI,up-147-02.04.26-,1500
323,apr/10/2026,18:00:27,E2394,1RB/2JAM-Warung,up-634-01.31.26-,500
324,apr/10/2026,18:45:09,E27DR,1RB/2JAM-Warung,up-780-01.31.26-,500
325,apr/10/2026,19:20:00,E4NN3,2RB/4JAM-Warung,up-718-04.01.26-,1500
326,apr/10/2026,20:11:51,E2L42,1RB/2JAM-Warung,up-634-01.31.26-,500
327,apr/10/2026,20:44:41,E4ATK,2RB/4JAM-Warung,up-718-04.01.26-,1500
328,apr/10/2026,20:47:00,E4SSU,2RB/4JAM-Warung,up-718-04.01.26-,1500
329,apr/10/2026,20:47:22,C2GJR,2RB/4JAM-TEH-ENTI,up-147-02.04.26-,1500
330,apr/10/2026,21:34:19,C1VWF,1RB/2JAM-TEH-ENTI,up-455-02.04.26-,500
331,apr/10/2026,21:37:14,E4BPJ,2RB/4JAM-Warung,up-718-04.01.26-,1500
332,apr/10/2026,22:37:18,E5VRY,5RB/12JAM-Warung,up-863-12.30.25-301225,4000
333,apr/10/2026,23:27:41,E4W4W,2RB/4JAM-Warung,up-718-04.01.26-,1500
334,apr/10/2026,23:58:17,E4U6A,2RB/4JAM-Warung,up-718-04.01.26-,1500
335,apr/11/2026,00:28:48,E2PFL,1RB/2JAM-Warung,up-634-01.31.26-,500
336,apr/11/2026,00:48:42,E4EVB,2RB/4JAM-Warung,up-718-04.01.26-,1500
337,apr/11/2026,01:12:53,B58L3,5RB/12JAM-ILHAM,up-371-11.22.24-,3000
338,apr/11/2026,04:02:17,B4PEH,2RB/4JAM-ILHAM,up-883-02.03.26-,1000
339,apr/11/2026,07:30:16,E4SL3,2RB/4JAM-Warung,up-718-04.01.26-,1500
340,apr/11/2026,08:22:54,E43TN,2RB/4JAM-Warung,up-718-04.01.26-,1500
341,apr/11/2026,10:42:40,E4LBM,2RB/4JAM-Warung,up-718-04.01.26-,1500
342,apr/11/2026,10:47:41,C2GCX,2RB/4JAM-TEH-ENTI,up-147-02.04.26-,1500
343,apr/11/2026,11:48:29,C1B3Z,1RB/2JAM-TEH-ENTI,up-455-02.04.26-,500
344,apr/11/2026,12:53:37,C26KN,2RB/4JAM-TEH-ENTI,up-147-02.04.26-,1500
345,apr/11/2026,13:10:51,C1Z4R,1RB/2JAM-TEH-ENTI,up-455-02.04.26-,500
346,apr/11/2026,13:34:24,B4C69,2RB/4JAM-ILHAM,up-883-02.03.26-,1000
347,apr/11/2026,13:55:48,C2YM6,2RB/4JAM-TEH-ENTI,up-147-02.04.26-,1500
348,apr/11/2026,14:21:28,B4AWJ,2RB/4JAM-ILHAM,up-239-02.03.26-,1000
349,apr/11/2026,14:44:13,B4W3H,2RB/4JAM-ILHAM,up-883-02.03.26-,1000
350,apr/11/2026,16:28:14,C18XW,1RB/2JAM-TEH-ENTI,up-455-02.04.26-,500
351,apr/11/2026,16:28:51,C149Y,1RB/2JAM-TEH-ENTI,up-455-02.04.26-,500
352,apr/11/2026,17:33:44,E2U6W,1RB/2JAM-Warung,up-634-01.31.26-,500
353,apr/11/2026,18:11:00,C2U5Z,2RB/4JAM-TEH-ENTI,up-147-02.04.26-,1500
354,apr/11/2026,18:27:39,E44CA,2RB/4JAM-Warung,up-718-04.01.26-,1500
355,apr/11/2026,18:27:45,E2JBY,1RB/2JAM-Warung,up-780-01.31.26-,500
356,apr/11/2026,20:16:26,E4K7W,2RB/4JAM-Warung,up-718-04.01.26-,1500
357,apr/11/2026,20:37:23,E2F2L,1RB/2JAM-Warung,up-780-01.31.26-,500
358,apr/11/2026,20:48:03,B4GUZ,2RB/4JAM-ILHAM,up-883-02.03.26-,1000
359,apr/11/2026,21:03:14,B4EEE,2RB/4JAM-ILHAM,up-883-02.03.26-,1000
360,apr/11/2026,21:22:48,E2ANC,1RB/2JAM-Warung,up-780-01.31.26-,500
361,apr/11/2026,21:41:19,E5MAP,5RB/12JAM-Warung,up-863-12.30.25-301225,4000
362,apr/11/2026,21:48:50,E2XJH,1RB/2JAM-Warung,up-780-01.31.26-,500
363,apr/11/2026,22:21:36,E4ETW,2RB/4JAM-Warung,up-718-04.01.26-,1500
364,apr/11/2026,23:30:42,B49GS,2RB/4JAM-ILHAM,up-239-02.03.26-,1000
365,apr/11/2026,23:55:47,E4ELW,2RB/4JAM-Warung,up-718-04.01.26-,1500
366,apr/12/2026,11:30:03,E4D5P,2RB/4JAM-Warung,up-718-04.01.26-,1500
367,apr/12/2026,12:21:07,E4MH2,2RB/4JAM-Warung,up-718-04.01.26-,1500
368,apr/12/2026,12:27:09,E4DZ8,2RB/4JAM-Warung,up-718-04.01.26-,1500
369,apr/12/2026,12:56:38,E4K56,2RB/4JAM-Warung,up-718-04.01.26-,1500
370,apr/12/2026,13:17:02,C14BT,1RB/2JAM-TEH-ENTI,up-455-02.04.26-,500
371,apr/12/2026,14:39:04,E2SAH,1RB/2JAM-Warung,up-780-01.31.26-,500
372,apr/12/2026,15:49:44,C2K6V,2RB/4JAM-TEH-ENTI,up-147-02.04.26-,1500
373,apr/12/2026,16:41:18,E2GNK,1RB/2JAM-Warung,up-780-01.31.26-,500
374,apr/12/2026,17:55:08,E2H72,1RB/2JAM-Warung,up-780-01.31.26-,500
375,apr/12/2026,18:39:29,E42HE,2RB/4JAM-Warung,up-718-04.01.26-,1500
376,apr/12/2026,18:42:19,E2DL5,1RB/2JAM-Warung,up-634-01.31.26-,500
377,apr/12/2026,18:43:36,C1A36,1RB/2JAM-TEH-ENTI,up-455-02.04.26-,500
378,apr/12/2026,18:45:05,E4D9J,2RB/4JAM-Warung,up-718-04.01.26-,1500
379,apr/12/2026,20:03:59,C2GWZ,2RB/4JAM-TEH-ENTI,up-147-02.04.26-,1500
380,apr/12/2026,20:11:40,E4VVB,2RB/4JAM-Warung,up-718-04.01.26-,1500
381,apr/12/2026,20:12:23,E4JM6,2RB/4JAM-Warung,up-718-04.01.26-,1500
382,apr/12/2026,21:03:22,E2LED,1RB/2JAM-Warung,up-634-01.31.26-,500
383,apr/12/2026,21:35:13,E4R66,2RB/4JAM-Warung,up-718-04.01.26-,1500
384,apr/12/2026,21:58:17,E4UTU,2RB/4JAM-Warung,up-718-04.01.26-,1500
385,apr/12/2026,22:35:31,E4UVF,2RB/4JAM-Warung,up-718-04.01.26-,1500
386,apr/12/2026,22:58:47,E56TG,5RB/12JAM-Warung,up-863-12.30.25-301225,4000
387,apr/12/2026,23:15:22,E5G5R,5RB/12JAM-Warung,up-863-12.30.25-301225,4000
388,apr/12/2026,23:32:55,E4UVC,2RB/4JAM-Warung,up-718-04.01.26-,1500
389,apr/13/2026,00:36:47,E525J,5RB/12JAM-Warung,up-863-12.30.25-301225,4000
390,apr/13/2026,02:04:10,E586X,5RB/12JAM-Warung,up-863-12.30.25-301225,4000
391,apr/13/2026,03:02:40,E2RXM,1RB/2JAM-Warung,up-780-01.31.26-,500
392,apr/13/2026,04:18:04,E2HGA,1RB/2JAM-Warung,up-780-01.31.26-,500
393,apr/13/2026,06:25:10,B5D3G,5RB/12JAM-ILHAM,up-371-11.22.24-,3000
394,apr/13/2026,06:29:29,C2XWE,2RB/4JAM-TEH-ENTI,up-147-02.04.26-,1500
395,apr/13/2026,09:28:28,E4NC4,2RB/4JAM-Warung,up-718-04.01.26-,1500
396,apr/13/2026,09:34:15,E2GZ6,1RB/2JAM-Warung,up-634-01.31.26-,500
397,apr/13/2026,11:08:53,B5RY6,5RB/12JAM-ILHAM,up-371-11.22.24-,3000
398,apr/13/2026,11:29:48,H1L3H,1RB/2JAM-HOME,up-666-02.22.23-,500
399,apr/13/2026,12:55:38,E29RT,1RB/2JAM-Warung,up-634-01.31.26-,500
400,apr/13/2026,14:46:12,E482C,2RB/4JAM-Warung,up-718-04.01.26-,1500
401,apr/13/2026,14:54:26,E2TV9,1RB/2JAM-Warung,up-634-01.31.26-,500
402,apr/13/2026,16:50:21,E29XK,1RB/2JAM-Warung,up-634-01.31.26-,500
403,apr/13/2026,17:31:58,E4X5E,2RB/4JAM-Warung,up-718-04.01.26-,1500
404,apr/13/2026,18:14:58,E49BH,2RB/4JAM-Warung,up-718-04.01.26-,1500
405,apr/13/2026,19:25:39,B49BA,2RB/4JAM-ILHAM,up-883-02.03.26-,1000
406,apr/13/2026,19:35:45,E4RBX,2RB/4JAM-Warung,up-718-04.01.26-,1500
407,apr/13/2026,19:52:05,E2E25,1RB/2JAM-Warung,up-780-01.31.26-,500
408,apr/13/2026,20:10:22,C2BVH,2RB/4JAM-TEH-ENTI,up-147-02.04.26-,1500
409,apr/13/2026,20:48:22,E4D4T,2RB/4JAM-Warung,up-718-04.01.26-,1500
410,apr/13/2026,20:51:31,E4T9N,2RB/4JAM-Warung,up-718-04.01.26-,1500
411,apr/13/2026,20:54:55,E2T4P,1RB/2JAM-Warung,up-780-01.31.26-,500
412,apr/13/2026,21:25:07,D53367,5RB/12JAM-TEH-ENTI,up-539-07.27.25-,4000
413,apr/13/2026,22:15:05,E2M5P,1RB/2JAM-Warung,up-780-01.31.26-,500
414,apr/13/2026,23:05:47,E2L27,1RB/2JAM-Warung,up-780-01.31.26-,500
415,apr/13/2026,23:18:39,B45FR,2RB/4JAM-ILHAM,up-883-02.03.26-,1000
416,apr/13/2026,23:29:49,E4TWT,2RB/4JAM-Warung,up-718-04.01.26-,1500
417,apr/14/2026,00:56:40,B5YJT,5RB/12JAM-ILHAM,up-371-11.22.24-,3000
418,apr/14/2026,01:33:38,E5KE7,5RB/12JAM-Warung,up-863-12.30.25-301225,4000
419,apr/14/2026,01:41:13,E48YR,2RB/4JAM-Warung,up-718-04.01.26-,1500
420,apr/14/2026,09:01:57,E45ME,2RB/4JAM-Warung,up-718-04.01.26-,1500
421,apr/14/2026,11:09:11,E4RWM,2RB/4JAM-Warung,up-718-04.01.26-,1500
422,apr/14/2026,11:30:11,E5U96,5RB/12JAM-Warung,up-863-12.30.25-301225,4000
423,apr/14/2026,13:14:20,E4T44,2RB/4JAM-Warung,up-718-04.01.26-,1500
424,apr/14/2026,13:28:14,E2RCN,1RB/2JAM-Warung,up-634-01.31.26-,500
425,apr/14/2026,13:38:55,E4YTF,2RB/4JAM-Warung,up-718-04.01.26-,1500
426,apr/14/2026,14:34:06,E4CJF,2RB/4JAM-Warung,up-718-04.01.26-,1500
427,apr/14/2026,15:45:38,E2FJ9,1RB/2JAM-Warung,up-780-01.31.26-,500
428,apr/14/2026,17:35:23,E2Z6A,1RB/2JAM-Warung,up-780-01.31.26-,500
429,apr/14/2026,19:05:50,E44EC,2RB/4JAM-Warung,up-718-04.01.26-,1500
430,apr/14/2026,19:23:59,E4BKK,2RB/4JAM-Warung,up-718-04.01.26-,1500
431,apr/14/2026,19:27:02,E4G58,2RB/4JAM-Warung,up-718-04.01.26-,1500
432,apr/14/2026,19:27:32,C1TK5,1RB/2JAM-TEH-ENTI,up-455-02.04.26-,500
433,apr/14/2026,19:28:17,C14WZ,1RB/2JAM-TEH-ENTI,up-455-02.04.26-,500
434,apr/14/2026,19:45:56,E2WCF,1RB/2JAM-Warung,up-634-01.31.26-,500
435,apr/14/2026,20:26:55,E4KTA,2RB/4JAM-Warung,up-718-04.01.26-,1500
436,apr/14/2026,20:52:37,E43TS,2RB/4JAM-Warung,up-718-04.01.26-,1500
437,apr/14/2026,21:01:31,E2B8Z,1RB/2JAM-Warung,up-780-01.31.26-,500
438,apr/14/2026,21:22:50,E4UG3,2RB/4JAM-Warung,up-718-04.01.26-,1500
439,apr/14/2026,21:24:53,E4WJB,2RB/4JAM-Warung,up-718-04.01.26-,1500
440,apr/14/2026,21:31:56,E46HJ,2RB/4JAM-Warung,up-718-04.01.26-,1500
441,apr/14/2026,21:48:48,E2K3E,1RB/2JAM-Warung,up-634-01.31.26-,500
442,apr/14/2026,21:50:27,E2T9S,1RB/2JAM-Warung,up-634-01.31.26-,500
443,apr/14/2026,22:15:18,E2PEL,1RB/2JAM-Warung,up-780-01.31.26-,500
444,apr/14/2026,22:57:03,E4GB8,2RB/4JAM-Warung,up-718-04.01.26-,1500
445,apr/14/2026,23:30:21,E4RFP,2RB/4JAM-Warung,up-718-04.01.26-,1500
446,apr/15/2026,01:40:50,B4CWW,2RB/4JAM-ILHAM,up-883-02.03.26-,1000
447,apr/15/2026,05:50:18,C2UDL,2RB/4JAM-TEH-ENTI,up-147-02.04.26-,1500
448,apr/15/2026,10:54:25,C2S68,2RB/4JAM-TEH-ENTI,up-147-02.04.26-,1500
449,apr/15/2026,10:55:22,C1PU2,1RB/2JAM-TEH-ENTI,up-455-02.04.26-,500
450,apr/15/2026,10:56:01,C2Y9D,2RB/4JAM-TEH-ENTI,up-147-02.04.26-,1500
451,apr/15/2026,11:08:50,C267A,2RB/4JAM-TEH-ENTI,up-147-02.04.26-,1500
452,apr/15/2026,11:25:56,E427N,2RB/4JAM-Warung,up-718-04.01.26-,1500
453,apr/15/2026,11:31:59,E4WDG,2RB/4JAM-Warung,up-718-04.01.26-,1500
454,apr/15/2026,12:51:47,E5ECA,5RB/12JAM-Warung,up-863-12.30.25-301225,4000
455,apr/15/2026,13:11:25,E4RUB,2RB/4JAM-Warung,up-718-04.01.26-,1500
456,apr/15/2026,18:15:31,E4WMW,2RB/4JAM-Warung,up-718-04.01.26-,1500
457,apr/15/2026,18:39:17,E283N,1RB/2JAM-Warung,up-634-01.31.26-,500
458,apr/15/2026,19:08:49,E2F6F,1RB/2JAM-Warung,up-634-01.31.26-,500
459,apr/15/2026,19:31:04,E2JEU,1RB/2JAM-Warung,up-634-01.31.26-,500
460,apr/15/2026,19:34:55,E23J9,1RB/2JAM-Warung,up-780-01.31.26-,500
461,apr/15/2026,19:34:58,E2B6V,1RB/2JAM-Warung,up-780-01.31.26-,500
462,apr/15/2026,19:36:37,E2ZP3,1RB/2JAM-Warung,up-780-01.31.26-,500
463,apr/15/2026,19:46:03,E49ZB,2RB/4JAM-Warung,up-718-04.01.26-,1500
464,apr/15/2026,19:48:21,E4V6A,2RB/4JAM-Warung,up-718-04.01.26-,1500
465,apr/15/2026,20:20:20,D5GNFR,5RB/12JAM-TEH-ENTI,up-539-07.27.25-,4000
466,apr/15/2026,20:20:45,E2Y4K,1RB/2JAM-Warung,up-780-01.31.26-,500
467,apr/15/2026,20:41:00,E5HFS,5RB/12JAM-Warung,up-863-12.30.25-301225,4000
468,apr/15/2026,20:44:09,C1GPE,1RB/2JAM-TEH-ENTI,up-455-02.04.26-,500
469,apr/15/2026,20:55:16,E25A9,1RB/2JAM-Warung,up-780-01.31.26-,500
470,apr/15/2026,21:15:02,E2U9F,1RB/2JAM-Warung,up-780-01.31.26-,500
471,apr/15/2026,21:40:14,E4F2W,2RB/4JAM-Warung,up-718-04.01.26-,1500
472,apr/15/2026,22:28:16,E52JC,5RB/12JAM-Warung,up-863-12.30.25-301225,4000
473,apr/15/2026,22:59:13,E2DM3,1RB/2JAM-Warung,up-634-01.31.26-,500
474,apr/15/2026,23:11:59,E28YM,1RB/2JAM-Warung,up-634-01.31.26-,500
475,apr/16/2026,00:02:55,E2CGL,1RB/2JAM-Warung,up-634-01.31.26-,500
476,apr/16/2026,01:01:22,E22B5,1RB/2JAM-Warung,up-634-01.31.26-,500
477,apr/16/2026,01:17:52,E29N9,1RB/2JAM-Warung,up-634-01.31.26-,500
478,apr/16/2026,02:08:39,E5W8Z,5RB/12JAM-Warung,up-863-12.30.25-301225,4000
479,apr/16/2026,02:53:14,B4DGY,2RB/4JAM-ILHAM,up-239-02.03.26-,1000
480,apr/16/2026,04:57:14,E4RTW,2RB/4JAM-Warung,up-718-04.01.26-,1500
481,apr/16/2026,05:14:32,E47EK,2RB/4JAM-Warung,up-718-04.01.26-,1500
482,apr/16/2026,06:41:42,E4NS8,2RB/4JAM-Warung,up-718-04.01.26-,1500
483,apr/16/2026,09:37:08,E2RGW,1RB/2JAM-Warung,up-780-01.31.26-,500
484,apr/16/2026,10:48:37,E5GW8,5RB/12JAM-Warung,up-863-12.30.25-301225,4000
485,apr/16/2026,11:43:46,E2UCD,1RB/2JAM-Warung,up-780-01.31.26-,500
486,apr/16/2026,12:19:09,E2CY2,1RB/2JAM-Warung,up-780-01.31.26-,500
487,apr/16/2026,12:37:56,E2XPZ,1RB/2JAM-Warung,up-780-01.31.26-,500
488,apr/16/2026,12:47:32,E2DUJ,1RB/2JAM-Warung,up-634-01.31.26-,500
489,apr/16/2026,12:47:50,E2TZ3,1RB/2JAM-Warung,up-634-01.31.26-,500
490,apr/16/2026,13:00:47,E2V74,1RB/2JAM-Warung,up-634-01.31.26-,500
491,apr/16/2026,13:06:50,E2CBB,1RB/2JAM-Warung,up-634-01.31.26-,500
492,apr/16/2026,13:08:23,E2W3P,1RB/2JAM-Warung,up-780-01.31.26-,500
493,apr/16/2026,13:08:45,E2224,1RB/2JAM-Warung,up-634-01.31.26-,500
494,apr/16/2026,13:47:48,E23K6,1RB/2JAM-Warung,up-780-01.31.26-,500
495,apr/16/2026,14:01:48,C1GXC,1RB/2JAM-TEH-ENTI,up-455-02.04.26-,500
496,apr/16/2026,14:15:05,E22DK,1RB/2JAM-Warung,up-634-01.31.26-,500
497,apr/16/2026,14:15:18,C2VAC,2RB/4JAM-TEH-ENTI,up-147-02.04.26-,1500
498,apr/16/2026,14:17:19,E2BH2,1RB/2JAM-Warung,up-780-01.31.26-,500
499,apr/16/2026,14:48:21,C1M2S,1RB/2JAM-TEH-ENTI,up-455-02.04.26-,500
500,apr/16/2026,14:49:50,C1DKR,1RB/2JAM-TEH-ENTI,up-455-02.04.26-,500
501,apr/16/2026,14:53:50,E2GSX,1RB/2JAM-Warung,up-780-01.31.26-,500
502,apr/16/2026,15:49:37,E2XV4,1RB/2JAM-Warung,up-634-01.31.26-,500
503,apr/16/2026,16:21:23,E27CC,1RB/2JAM-Warung,up-634-01.31.26-,500
504,apr/16/2026,18:27:10,E2DK2,1RB/2JAM-Warung,up-780-01.31.26-,500
505,apr/16/2026,19:22:31,E27GZ,1RB/2JAM-Warung,up-634-01.31.26-,500
506,apr/16/2026,20:00:58,E2HJE,1RB/2JAM-Warung,up-634-01.31.26-,500
507,apr/16/2026,20:02:03,E2UP9,1RB/2JAM-Warung,up-634-01.31.26-,500
508,apr/16/2026,20:03:54,E4TNG,2RB/4JAM-Warung,up-718-04.01.26-,1500
509,apr/16/2026,20:13:43,E2JWN,1RB/2JAM-Warung,up-634-01.31.26-,500
510,apr/16/2026,20:39:04,C22R9,2RB/4JAM-TEH-ENTI,up-147-02.04.26-,1500
511,apr/16/2026,20:47:53,E2GV8,1RB/2JAM-Warung,up-634-01.31.26-,500
512,apr/16/2026,21:01:54,E2SU7,1RB/2JAM-Warung,up-634-01.31.26-,500
513,apr/16/2026,21:07:37,E4CC2,2RB/4JAM-Warung,up-718-04.01.26-,1500
514,apr/16/2026,21:51:09,E4P64,2RB/4JAM-Warung,up-718-04.01.26-,1500
515,apr/16/2026,22:16:48,E4RVB,2RB/4JAM-Warung,up-718-04.01.26-,1500
516,apr/16/2026,22:27:36,E29TM,1RB/2JAM-Warung,up-634-01.31.26-,500
517,apr/16/2026,22:28:12,E42MP,2RB/4JAM-Warung,up-718-04.01.26-,1500
518,apr/16/2026,23:20:07,E4Z3J,2RB/4JAM-Warung,up-718-04.01.26-,1500
519,apr/16/2026,23:57:57,E277G,1RB/2JAM-Warung,up-780-01.31.26-,500
520,apr/16/2026,00:00:06,E2N36,1RB/2JAM-Warung,up-780-01.31.26-,500
521,apr/17/2026,00:12:51,E2JZ2,1RB/2JAM-Warung,up-634-01.31.26-,500
522,apr/17/2026,01:13:31,E2AR7,1RB/2JAM-Warung,up-634-01.31.26-,500
523,apr/17/2026,01:29:34,B4L45,2RB/4JAM-ILHAM,up-883-02.03.26-,1000
524,apr/17/2026,09:09:55,C1AXY,1RB/2JAM-TEH-ENTI,up-455-02.04.26-,500
525,apr/17/2026,10:55:05,C2DVY,2RB/4JAM-TEH-ENTI,up-147-02.04.26-,1500
526,apr/17/2026,10:56:08,C1GHE,1RB/2JAM-TEH-ENTI,up-455-02.04.26-,500
527,apr/17/2026,11:04:10,E4D93,2RB/4JAM-Warung,up-718-04.01.26-,1500
528,apr/17/2026,11:11:19,C2VVR,2RB/4JAM-TEH-ENTI,up-147-02.04.26-,1500
529,apr/17/2026,12:05:04,D5WR56,5RB/12JAM-TEH-ENTI,up-539-07.27.25-,4000
530,apr/17/2026,12:33:57,C2922,2RB/4JAM-TEH-ENTI,up-147-02.04.26-,1500
531,apr/17/2026,13:20:59,E4EXG,2RB/4JAM-Warung,up-444-01.26.26-,1500
532,apr/17/2026,13:38:14,E25C7,1RB/2JAM-Warung,up-634-01.31.26-,500
533,apr/17/2026,13:42:36,E2LLA,1RB/2JAM-Warung,up-780-01.31.26-,500
534,apr/17/2026,13:55:36,E2D3M,1RB/2JAM-Warung,up-780-01.31.26-,500
535,apr/17/2026,15:03:08,E2G3W,1RB/2JAM-Warung,up-780-01.31.26-,500
536,apr/17/2026,15:54:36,E44SL,2RB/4JAM-Warung,up-718-04.01.26-,1500
537,apr/17/2026,16:19:16,C1F7W,1RB/2JAM-TEH-ENTI,up-455-02.04.26-,500
538,apr/17/2026,16:44:10,E4VUM,2RB/4JAM-Warung,up-718-04.01.26-,1500
539,apr/17/2026,17:23:32,E2U36,1RB/2JAM-Warung,up-780-01.31.26-,500
540,apr/17/2026,17:27:03,E23Y6,1RB/2JAM-Warung,up-780-01.31.26-,500
541,apr/17/2026,17:30:14,E5ME9,5RB/12JAM-Warung,up-863-12.30.25-301225,4000
542,apr/17/2026,17:59:58,E2AKW,1RB/2JAM-Warung,up-780-01.31.26-,500
543,apr/17/2026,18:22:02,B42HF,2RB/4JAM-ILHAM,up-883-02.03.26-,1000
544,apr/17/2026,18:39:14,E2JUF,1RB/2JAM-Warung,up-780-01.31.26-,500
545,apr/17/2026,18:43:27,E4W76,2RB/4JAM-Warung,up-718-04.01.26-,1500
546,apr/17/2026,19:19:28,E2H5G,1RB/2JAM-Warung,up-634-01.31.26-,500
547,apr/17/2026,19:23:23,E2N5S,1RB/2JAM-Warung,up-634-01.31.26-,500
548,apr/17/2026,19:26:49,E2AZW,1RB/2JAM-Warung,up-634-01.31.26-,500
549,apr/17/2026,19:27:16,E2SUS,1RB/2JAM-Warung,up-634-01.31.26-,500
550,apr/17/2026,19:35:37,E2WB8,1RB/2JAM-Warung,up-634-01.31.26-,500
551,apr/17/2026,19:37:38,E5HZM,5RB/12JAM-Warung,up-863-12.30.25-301225,4000
552,apr/17/2026,19:43:08,C2NPS,2RB/4JAM-TEH-ENTI,up-147-02.04.26-,1500
553,apr/17/2026,19:44:03,E4KEP,2RB/4JAM-Warung,up-718-04.01.26-,1500
554,apr/17/2026,20:49:42,E5WWB,5RB/12JAM-Warung,up-863-12.30.25-301225,4000
555,apr/17/2026,22:39:28,E2U57,1RB/2JAM-Warung,up-634-01.31.26-,500
556,apr/17/2026,22:52:03,E2DWG,1RB/2JAM-Warung,up-780-01.31.26-,500
557,apr/17/2026,23:02:46,E4FB3,2RB/4JAM-Warung,up-718-04.01.26-,1500
558,apr/17/2026,23:06:10,E4PZZ,2RB/4JAM-Warung,up-718-04.01.26-,1500
559,apr/17/2026,23:51:55,E4V74,2RB/4JAM-Warung,up-718-04.01.26-,1500
560,apr/17/2026,23:54:40,E2K6K,1RB/2JAM-Warung,up-780-01.31.26-,500
561,apr/18/2026,00:05:02,E2XLK,1RB/2JAM-Warung,up-780-01.31.26-,500
562,apr/18/2026,00:33:26,B5R3T,5RB/12JAM-ILHAM,up-371-11.22.24-,3000
563,apr/18/2026,06:09:08,E42EZ,2RB/4JAM-Warung,up-718-04.01.26-,1500
564,apr/18/2026,06:28:23,C23SJ,2RB/4JAM-TEH-ENTI,up-147-02.04.26-,1500
565,apr/18/2026,07:19:05,E4NAK,2RB/4JAM-Warung,up-718-04.01.26-,1500
566,apr/18/2026,09:26:37,C2K4X,2RB/4JAM-TEH-ENTI,up-147-02.04.26-,1500
567,apr/18/2026,10:46:51,C2M7F,2RB/4JAM-TEH-ENTI,up-147-02.04.26-,1500
568,apr/18/2026,11:00:54,E2AFH,1RB/2JAM-Warung,up-780-01.31.26-,500
569,apr/18/2026,12:24:29,C22NH,2RB/4JAM-TEH-ENTI,up-147-02.04.26-,1500
570,apr/18/2026,12:46:00,E23VZ,1RB/2JAM-Warung,up-780-01.31.26-,500
571,apr/18/2026,12:54:55,E4XCB,2RB/4JAM-Warung,up-718-04.01.26-,1500
572,apr/18/2026,13:27:54,E4MG4,2RB/4JAM-Warung,up-718-04.01.26-,1500
573,apr/18/2026,13:53:16,E2JE5,1RB/2JAM-Warung,up-780-01.31.26-,500
574,apr/18/2026,14:07:32,E4NUF,2RB/4JAM-Warung,up-718-04.01.26-,1500
575,apr/18/2026,14:10:40,E4RFT,2RB/4JAM-Warung,up-718-04.01.26-,1500
576,apr/18/2026,14:15:32,E478D,2RB/4JAM-Warung,up-718-04.01.26-,1500
577,apr/18/2026,14:20:04,E427D,2RB/4JAM-Warung,up-718-04.01.26-,1500
578,apr/18/2026,14:49:03,E4WCU,2RB/4JAM-Warung,up-718-04.01.26-,1500
579,apr/18/2026,14:49:12,B4M4T,2RB/4JAM-ILHAM,up-883-02.03.26-,1000
580,apr/18/2026,15:59:21,E44Y5,2RB/4JAM-Warung,up-718-04.01.26-,1500
581,apr/18/2026,16:06:40,E2GB8,1RB/2JAM-Warung,up-780-01.31.26-,500
582,apr/18/2026,17:54:19,E4SBP,2RB/4JAM-Warung,up-718-04.01.26-,1500
583,apr/18/2026,18:21:29,E4TES,2RB/4JAM-Warung,up-718-04.01.26-,1500
584,apr/18/2026,18:44:25,E5L3L,5RB/12JAM-Warung,up-863-12.30.25-301225,4000
585,apr/18/2026,19:13:25,C2THL,2RB/4JAM-TEH-ENTI,up-147-02.04.26-,1500
586,apr/18/2026,19:14:34,C2SVB,2RB/4JAM-TEH-ENTI,up-147-02.04.26-,1500
587,apr/18/2026,19:24:23,B43US,2RB/4JAM-ILHAM,up-239-02.03.26-,1000
588,apr/18/2026,19:59:47,C1ALL,1RB/2JAM-TEH-ENTI,up-455-02.04.26-,500
589,apr/18/2026,20:01:12,C125X,1RB/2JAM-TEH-ENTI,up-455-02.04.26-,500
590,apr/18/2026,20:18:02,E4G2A,2RB/4JAM-Warung,up-718-04.01.26-,1500
591,apr/18/2026,20:51:13,B42YN,2RB/4JAM-ILHAM,up-239-02.03.26-,1000
592,apr/18/2026,21:58:58,E5S4B,5RB/12JAM-Warung,up-863-12.30.25-301225,4000
593,apr/18/2026,22:24:42,B4F56,2RB/4JAM-ILHAM,up-239-02.03.26-,1000
594,apr/18/2026,23:14:47,E4RZA,2RB/4JAM-Warung,up-718-04.01.26-,1500
595,apr/18/2026,23:33:52,E5E4S,5RB/12JAM-Warung,up-863-12.30.25-301225,4000
596,apr/19/2026,00:15:21,E2AJY,1RB/2JAM-Warung,up-634-01.31.26-,500
597,apr/19/2026,00:23:45,E2C3N,1RB/2JAM-Warung,up-780-01.31.26-,500
598,apr/19/2026,00:42:59,E49PG,2RB/4JAM-Warung,up-718-04.01.26-,1500
599,apr/19/2026,03:01:41,B443G,2RB/4JAM-ILHAM,up-883-02.03.26-,1000
600,apr/19/2026,08:58:24,B4KTW,2RB/4JAM-ILHAM,up-239-02.03.26-,1000
601,apr/19/2026,10:33:54,B5LV5,5RB/12JAM-ILHAM,up-371-11.22.24-,3000
602,apr/19/2026,10:55:28,C2TKJ,2RB/4JAM-TEH-ENTI,up-147-02.04.26-,1500
603,apr/19/2026,10:55:52,C1VDN,1RB/2JAM-TEH-ENTI,up-455-02.04.26-,500
604,apr/19/2026,11:13:06,E5NER,5RB/12JAM-Warung,up-863-12.30.25-301225,4000
605,apr/19/2026,12:01:22,E4ZL5,2RB/4JAM-Warung,up-718-04.01.26-,1500
606,apr/19/2026,12:09:55,E4Z2B,2RB/4JAM-Warung,up-718-04.01.26-,1500
607,apr/19/2026,12:28:06,E2F8D,1RB/2JAM-Warung,up-780-01.31.26-,500
608,apr/19/2026,12:55:17,C2MWT,2RB/4JAM-TEH-ENTI,up-147-02.04.26-,1500
609,apr/19/2026,14:27:35,B46NC,2RB/4JAM-ILHAM,up-883-02.03.26-,1000
610,apr/19/2026,16:57:17,B4VPJ,2RB/4JAM-ILHAM,up-883-02.03.26-,1000
611,apr/19/2026,18:34:25,C1VJC,1RB/2JAM-TEH-ENTI,up-455-02.04.26-,500
612,apr/19/2026,18:37:15,E4NVG,2RB/4JAM-Warung,up-718-04.01.26-,1500
613,apr/19/2026,18:38:29,C193M,1RB/2JAM-TEH-ENTI,up-455-02.04.26-,500
614,apr/19/2026,19:22:38,C1RDV,1RB/2JAM-TEH-ENTI,up-455-02.04.26-,500
615,apr/19/2026,20:13:33,E24ST,1RB/2JAM-Warung,up-780-01.31.26-,500
616,apr/19/2026,20:30:26,B42G8,2RB/4JAM-ILHAM,up-883-02.03.26-,1000
617,apr/19/2026,20:48:59,E2LZ9,1RB/2JAM-Warung,up-780-01.31.26-,500
618,apr/19/2026,20:56:28,E2N8C,1RB/2JAM-Warung,up-780-01.31.26-,500
619,apr/19/2026,21:19:34,E4CV4,2RB/4JAM-Warung,up-718-04.01.26-,1500
620,apr/19/2026,21:34:26,E2HPK,1RB/2JAM-Warung,up-634-01.31.26-,500
621,apr/19/2026,21:35:59,E4XBZ,2RB/4JAM-Warung,up-718-04.01.26-,1500
622,apr/19/2026,22:23:36,E4TZU,2RB/4JAM-Warung,up-718-04.01.26-,1500
623,apr/19/2026,22:25:02,B4NPW,2RB/4JAM-ILHAM,up-239-02.03.26-,1000
624,apr/19/2026,23:27:02,E4RR9,2RB/4JAM-Warung,up-718-04.01.26-,1500
625,apr/19/2026,23:54:04,E2JU6,1RB/2JAM-Warung,up-634-01.31.26-,500
626,apr/20/2026,01:59:00,E4WS6,2RB/4JAM-Warung,up-718-04.01.26-,1500
627,apr/20/2026,02:39:33,E44MY,2RB/4JAM-Warung,up-718-04.01.26-,1500
628,apr/20/2026,06:40:16,E5YGN,5RB/12JAM-Warung,up-863-12.30.25-301225,4000
629,apr/20/2026,07:51:00,E4HNK,2RB/4JAM-Warung,up-718-04.01.26-,1500
630,apr/20/2026,09:22:51,B5SKM,5RB/12JAM-ILHAM,up-371-11.22.24-,3000
631,apr/20/2026,10:01:14,E49SP,2RB/4JAM-Warung,up-718-04.01.26-,1500
632,apr/20/2026,12:01:13,B4SWP,2RB/4JAM-ILHAM,up-883-02.03.26-,1000
633,apr/20/2026,12:08:28,E5U85,5RB/12JAM-Warung,up-863-12.30.25-301225,4000
634,apr/20/2026,13:36:46,E4FY9,2RB/4JAM-Warung,up-718-04.01.26-,1500
635,apr/20/2026,13:51:13,E2ZB9,1RB/2JAM-Warung,up-634-01.31.26-,500
636,apr/20/2026,14:10:59,E4S7N,2RB/4JAM-Warung,up-718-04.01.26-,1500
637,apr/20/2026,14:54:06,C2FHJ,2RB/4JAM-TEH-ENTI,up-147-02.04.26-,1500
638,apr/20/2026,16:28:03,E4T2A,2RB/4JAM-Warung,up-718-04.01.26-,1500
639,apr/20/2026,16:28:10,E2G55,1RB/2JAM-Warung,up-634-01.31.26-,500
640,apr/20/2026,16:50:44,E4GHE,2RB/4JAM-Warung,up-718-04.01.26-,1500
641,apr/20/2026,17:45:26,E2L7Y,1RB/2JAM-Warung,up-634-01.31.26-,500
642,apr/20/2026,18:42:30,E54HT,5RB/12JAM-Warung,up-863-12.30.25-301225,4000
643,apr/20/2026,19:29:40,E45KT,2RB/4JAM-Warung,up-718-04.01.26-,1500
644,apr/20/2026,19:55:06,E2BUT,1RB/2JAM-Warung,up-634-01.31.26-,500
645,apr/20/2026,19:55:21,E2SBL,1RB/2JAM-Warung,up-634-01.31.26-,500
646,apr/20/2026,19:55:59,E4K8X,2RB/4JAM-Warung,up-718-04.01.26-,1500
647,apr/20/2026,20:11:58,E4URW,2RB/4JAM-Warung,up-718-04.01.26-,1500
648,apr/20/2026,20:53:39,H5NNC,5RB/12JAM-HOME,up-921-07.22.24-,3000
649,apr/20/2026,21:03:50,C2F8Z,2RB/4JAM-TEH-ENTI,up-147-02.04.26-,1500
650,apr/20/2026,21:06:08,E4RAX,2RB/4JAM-Warung,up-718-04.01.26-,1500
651,apr/20/2026,23:11:29,E5TVD,5RB/12JAM-Warung,up-863-12.30.25-301225,4000
652,apr/20/2026,23:57:28,H5M58,5RB/12JAM-HOME,up-921-07.22.24-,3000
653,apr/21/2026,00:44:50,E4BYG,2RB/4JAM-Warung,up-718-04.01.26-,1500
654,apr/21/2026,00:59:36,E4564,2RB/4JAM-Warung,up-718-04.01.26-,1500
655,apr/21/2026,07:33:02,C2U4S,2RB/4JAM-TEH-ENTI,up-147-02.04.26-,1500
656,apr/21/2026,11:28:38,E2TZ5,1RB/2JAM-Warung,up-634-01.31.26-,500
657,apr/21/2026,11:37:42,E4YWD,2RB/4JAM-Warung,up-718-04.01.26-,1500
658,apr/21/2026,11:49:20,E4FYK,2RB/4JAM-Warung,up-718-04.01.26-,1500
659,apr/21/2026,12:02:54,C2K66,2RB/4JAM-TEH-ENTI,up-147-02.04.26-,1500
660,apr/21/2026,12:44:50,B5AJK,5RB/12JAM-ILHAM,up-371-11.22.24-,3000
661,apr/21/2026,12:59:06,E4FTN,2RB/4JAM-Warung,up-718-04.01.26-,1500
662,apr/21/2026,13:36:20,E442R,2RB/4JAM-Warung,up-718-04.01.26-,1500
663,apr/21/2026,15:42:52,E4Z4C,2RB/4JAM-Warung,up-718-04.01.26-,1500
664,apr/21/2026,16:29:03,E4DAZ,2RB/4JAM-Warung,up-718-04.01.26-,1500
665,apr/21/2026,16:32:10,E4T3C,2RB/4JAM-Warung,up-718-04.01.26-,1500
666,apr/21/2026,16:51:58,E2RXU,1RB/2JAM-Warung,up-634-01.31.26-,500
667,apr/21/2026,18:28:07,E4H78,2RB/4JAM-Warung,up-718-04.01.26-,1500
668,apr/21/2026,19:04:17,E2BHX,1RB/2JAM-Warung,up-634-01.31.26-,500
669,apr/21/2026,19:27:54,E22VL,1RB/2JAM-Warung,up-634-01.31.26-,500
670,apr/21/2026,19:28:10,E46AB,2RB/4JAM-Warung,up-718-04.01.26-,1500
671,apr/21/2026,19:28:27,E28PP,1RB/2JAM-Warung,up-634-01.31.26-,500
672,apr/21/2026,19:31:52,E4G8D,2RB/4JAM-Warung,up-718-04.01.26-,1500
673,apr/21/2026,19:33:41,E4VHC,2RB/4JAM-Warung,up-718-04.01.26-,1500
674,apr/21/2026,20:00:09,E4RGU,2RB/4JAM-Warung,up-718-04.01.26-,1500
675,apr/21/2026,20:23:45,E2VPU,1RB/2JAM-Warung,up-780-01.31.26-,500
676,apr/21/2026,20:36:07,E4MP5,2RB/4JAM-Warung,up-718-04.01.26-,1500
677,apr/21/2026,21:01:07,C14HH,1RB/2JAM-TEH-ENTI,up-455-02.04.26-,500
678,apr/21/2026,21:07:12,E4LGL,2RB/4JAM-Warung,up-718-04.01.26-,1500
679,apr/21/2026,21:30:14,E4PLU,2RB/4JAM-Warung,up-718-04.01.26-,1500
680,apr/21/2026,21:32:34,D56G94,5RB/12JAM-TEH-ENTI,up-539-07.27.25-,4000
681,apr/21/2026,22:24:07,E4WJF,2RB/4JAM-Warung,up-196-01.26.26-,1500
682,apr/21/2026,23:34:59,E4R77,2RB/4JAM-Warung,up-718-04.01.26-,1500
683,apr/22/2026,00:49:24,E2VMH,1RB/2JAM-Warung,up-780-01.31.26-,500
684,apr/22/2026,02:12:13,E46MX,2RB/4JAM-Warung,up-718-04.01.26-,1500
685,apr/22/2026,05:01:46,E4T2N,2RB/4JAM-Warung,up-718-04.01.26-,1500
686,apr/22/2026,05:13:25,E4VLZ,2RB/4JAM-Warung,up-718-04.01.26-,1500
687,apr/22/2026,07:46:30,E22PU,1RB/2JAM-Warung,up-780-01.31.26-,500
688,apr/22/2026,08:49:33,E43GW,2RB/4JAM-Warung,up-718-04.01.26-,1500
689,apr/22/2026,10:46:30,E2H83,1RB/2JAM-Warung,up-780-01.31.26-,500
690,apr/22/2026,11:22:59,E4D54,2RB/4JAM-Warung,up-718-04.01.26-,1500
691,apr/22/2026,11:35:39,E4P25,2RB/4JAM-Warung,up-718-04.01.26-,1500
692,apr/22/2026,11:36:13,B52DK,5RB/12JAM-ILHAM,up-371-11.22.24-,3000
693,apr/22/2026,12:12:37,E4C7M,2RB/4JAM-Warung,up-718-04.01.26-,1500
694,apr/22/2026,12:20:37,E2PNC,1RB/2JAM-Warung,up-634-01.31.26-,500
695,apr/22/2026,13:31:57,E4N9M,2RB/4JAM-Warung,up-718-04.01.26-,1500
696,apr/22/2026,14:16:34,E4DD5,2RB/4JAM-Warung,up-718-04.01.26-,1500
697,apr/22/2026,14:27:53,E45M8,2RB/4JAM-Warung,up-718-04.01.26-,1500
698,apr/22/2026,15:08:29,E27SY,1RB/2JAM-Warung,up-634-01.31.26-,500
699,apr/22/2026,16:40:48,E4WV8,2RB/4JAM-Warung,up-718-04.01.26-,1500
700,apr/22/2026,17:18:45,E2NEC,1RB/2JAM-Warung,up-634-01.31.26-,500
701,apr/22/2026,17:22:48,E4UVS,2RB/4JAM-Warung,up-718-04.01.26-,1500
702,apr/22/2026,17:24:15,E4XND,2RB/4JAM-Warung,up-718-04.01.26-,1500
703,apr/22/2026,17:47:44,E4FDA,2RB/4JAM-Warung,up-718-04.01.26-,1500
704,apr/22/2026,19:17:33,C2WXR,2RB/4JAM-TEH-ENTI,up-147-02.04.26-,1500
705,apr/22/2026,19:18:33,C13DX,1RB/2JAM-TEH-ENTI,up-455-02.04.26-,500
706,apr/22/2026,19:30:27,E4Z5N,2RB/4JAM-Warung,up-718-04.01.26-,1500
707,apr/22/2026,19:39:17,C2Z8E,2RB/4JAM-TEH-ENTI,up-147-02.04.26-,1500
708,apr/22/2026,20:10:10,E4KUU,2RB/4JAM-Warung,up-718-04.01.26-,1500
709,apr/22/2026,20:16:08,E2G9K,1RB/2JAM-Warung,up-634-01.31.26-,500
710,apr/22/2026,20:19:21,E422H,2RB/4JAM-Warung,up-718-04.01.26-,1500
711,apr/22/2026,20:36:11,E2U5Z,1RB/2JAM-Warung,up-780-01.31.26-,500
712,apr/22/2026,20:38:51,E49UC,2RB/4JAM-Warung,up-718-04.01.26-,1500
713,apr/22/2026,21:17:50,E4CTJ,2RB/4JAM-Warung,up-718-04.01.26-,1500
714,apr/22/2026,21:26:55,E4AHF,2RB/4JAM-Warung,up-718-04.01.26-,1500
715,apr/22/2026,21:39:45,E4BWR,2RB/4JAM-Warung,up-718-04.01.26-,1500
716,apr/22/2026,21:52:17,C26FT,2RB/4JAM-TEH-ENTI,up-147-02.04.26-,1500
717,apr/22/2026,21:59:19,E5KTT,5RB/12JAM-Warung,up-863-12.30.25-301225,4000
718,apr/22/2026,22:41:45,E4E43,2RB/4JAM-Warung,up-718-04.01.26-,1500
719,apr/23/2026,02:00:39,E57JC,5RB/12JAM-Warung,up-863-12.30.25-301225,4000
720,apr/23/2026,02:01:48,E55KA,5RB/12JAM-Warung,up-863-12.30.25-301225,4000
721,apr/23/2026,05:39:34,E4GSF,2RB/4JAM-Warung,up-718-04.01.26-,1500
722,apr/23/2026,10:16:35,B4B6J,2RB/4JAM-ILHAM,up-239-02.03.26-,1000
723,apr/23/2026,10:38:05,E4J9U,2RB/4JAM-Warung,up-718-04.01.26-,1500
724,apr/23/2026,10:52:34,E4YCT,2RB/4JAM-Warung,up-718-04.01.26-,1500
725,apr/23/2026,12:04:34,E4YPG,2RB/4JAM-Warung,up-718-04.01.26-,1500
726,apr/23/2026,12:17:32,E2UNF,1RB/2JAM-Warung,up-780-01.31.26-,500
727,apr/23/2026,12:21:21,B5YH7,5RB/12JAM-ILHAM,up-371-11.22.24-,3000
728,apr/23/2026,12:32:37,E2UV2,1RB/2JAM-Warung,up-780-01.31.26-,500
729,apr/23/2026,13:27:07,B4Y7F,2RB/4JAM-ILHAM,up-239-02.03.26-,1000
730,apr/23/2026,14:08:52,E2YBG,1RB/2JAM-Warung,up-780-01.31.26-,500
731,apr/23/2026,14:12:15,E4EU2,2RB/4JAM-Warung,up-718-04.01.26-,1500
732,apr/23/2026,14:28:57,B5EY4,5RB/12JAM-ILHAM,up-371-11.22.24-,3000
733,apr/23/2026,14:32:39,E28AN,1RB/2JAM-Warung,up-634-01.31.26-,500
734,apr/23/2026,15:18:28,E2KDP,1RB/2JAM-Warung,up-634-01.31.26-,500
735,apr/23/2026,15:27:57,E49L5,2RB/4JAM-Warung,up-718-04.01.26-,1500
736,apr/23/2026,16:20:35,B4LKS,2RB/4JAM-ILHAM,up-239-02.03.26-,1000
737,apr/23/2026,16:39:12,B4GPB,2RB/4JAM-ILHAM,up-883-02.03.26-,1000
738,apr/23/2026,18:21:14,E2RKV,1RB/2JAM-Warung,up-634-01.31.26-,500
739,apr/23/2026,18:40:12,E2HD5,1RB/2JAM-Warung,up-634-01.31.26-,500
740,apr/23/2026,18:59:39,E4Y5S,2RB/4JAM-Warung,up-718-04.01.26-,1500
741,apr/23/2026,19:20:48,E44AK,2RB/4JAM-Warung,up-718-04.01.26-,1500
742,apr/23/2026,19:26:44,B4ZD5,2RB/4JAM-ILHAM,up-239-02.03.26-,1000
743,apr/23/2026,19:30:18,E2D3G,1RB/2JAM-Warung,up-780-01.31.26-,500
744,apr/23/2026,19:42:35,E2FWF,1RB/2JAM-Warung,up-634-01.31.26-,500
745,apr/23/2026,19:54:10,E2A3U,1RB/2JAM-Warung,up-780-01.31.26-,500
746,apr/23/2026,20:02:04,E2UDH,1RB/2JAM-Warung,up-780-01.31.26-,500
747,apr/23/2026,20:06:23,E4NCE,2RB/4JAM-Warung,up-718-04.01.26-,1500
748,apr/23/2026,20:09:32,C1H3K,1RB/2JAM-TEH-ENTI,up-455-02.04.26-,500
749,apr/23/2026,20:24:56,E437S,2RB/4JAM-Warung,up-718-04.01.26-,1500
750,apr/23/2026,20:36:20,E28HB,1RB/2JAM-Warung,up-780-01.31.26-,500
751,apr/23/2026,20:50:53,E2HU6,1RB/2JAM-Warung,up-634-01.31.26-,500
752,apr/23/2026,21:51:12,E5UJS,5RB/12JAM-Warung,up-863-12.30.25-301225,4000
753,apr/24/2026,00:05:56,E4UEX,2RB/4JAM-Warung,up-718-04.01.26-,1500
754,apr/24/2026,01:00:53,B5SE7,5RB/12JAM-ILHAM,up-371-11.22.24-,3000
755,apr/24/2026,03:01:38,B4VWR,2RB/4JAM-ILHAM,up-239-02.03.26-,1000
756,apr/24/2026,05:24:51,E4GSC,2RB/4JAM-Warung,up-718-04.01.26-,1500
757,apr/24/2026,08:29:01,E2D2R,1RB/2JAM-Warung,up-780-01.31.26-,500
758,apr/24/2026,11:18:21,E4ZDE,2RB/4JAM-Warung,up-718-04.01.26-,1500
759,apr/24/2026,11:44:15,E4NWN,2RB/4JAM-Warung,up-718-04.01.26-,1500
760,apr/24/2026,12:23:14,C2CYR,2RB/4JAM-TEH-ENTI,up-147-02.04.26-,1500
761,apr/24/2026,12:44:06,E45AC,2RB/4JAM-Warung,up-718-04.01.26-,1500
762,apr/24/2026,14:42:37,E4NNG,2RB/4JAM-Warung,up-718-04.01.26-,1500
763,apr/24/2026,15:13:36,E2YKE,1RB/2JAM-Warung,up-634-01.31.26-,500
764,apr/24/2026,16:37:10,B47KF,2RB/4JAM-ILHAM,up-883-02.03.26-,1000
765,apr/24/2026,16:49:13,E4KDP,2RB/4JAM-Warung,up-718-04.01.26-,1500
766,apr/24/2026,17:08:54,C1M9D,1RB/2JAM-TEH-ENTI,up-455-02.04.26-,500
767,apr/24/2026,17:34:34,E47WR,2RB/4JAM-Warung,up-718-04.01.26-,1500
768,apr/24/2026,18:13:24,C2WSM,2RB/4JAM-TEH-ENTI,up-147-02.04.26-,1500
769,apr/24/2026,18:41:47,E49Z5,2RB/4JAM-Warung,up-718-04.01.26-,1500
770,apr/24/2026,19:26:31,E248J,1RB/2JAM-Warung,up-634-01.31.26-,500
771,apr/24/2026,19:37:55,E2FGC,1RB/2JAM-Warung,up-634-01.31.26-,500
772,apr/24/2026,19:39:59,E2B3Z,1RB/2JAM-Warung,up-780-01.31.26-,500
773,apr/24/2026,19:49:01,E4LTK,2RB/4JAM-Warung,up-718-04.01.26-,1500
774,apr/24/2026,19:54:49,E2CJU,1RB/2JAM-Warung,up-780-01.31.26-,500
775,apr/24/2026,20:03:30,E2H94,1RB/2JAM-Warung,up-780-01.31.26-,500
776,apr/24/2026,20:03:51,E2CYC,1RB/2JAM-Warung,up-780-01.31.26-,500
777,apr/24/2026,20:11:59,B4L48,2RB/4JAM-ILHAM,up-239-02.03.26-,1000
778,apr/24/2026,20:39:22,E27H5,1RB/2JAM-Warung,up-780-01.31.26-,500
779,apr/24/2026,20:52:33,E4W7V,2RB/4JAM-Warung,up-718-04.01.26-,1500
780,apr/24/2026,20:55:45,E2JBV,1RB/2JAM-Warung,up-634-01.31.26-,500
781,apr/24/2026,21:50:33,D5C3V6,5RB/12JAM-TEH-ENTI,up-539-07.27.25-,4000
782,apr/24/2026,22:06:00,E4FPX,2RB/4JAM-Warung,up-718-04.01.26-,1500
783,apr/24/2026,22:15:58,B44D5,2RB/4JAM-ILHAM,up-883-02.03.26-,1000
784,apr/24/2026,22:21:14,E2C5H,1RB/2JAM-Warung,up-634-01.31.26-,500
785,apr/24/2026,23:09:50,B5C3V,5RB/12JAM-ILHAM,up-371-11.22.24-,3000
786,apr/24/2026,23:16:08,E57V4,5RB/12JAM-Warung,up-863-12.30.25-301225,4000
787,apr/25/2026,00:52:16,E4B5R,2RB/4JAM-Warung,up-718-04.01.26-,1500
788,apr/25/2026,01:33:56,E48SH,2RB/4JAM-Warung,up-718-04.01.26-,1500
789,apr/25/2026,06:10:20,B4YSE,2RB/4JAM-ILHAM,up-883-02.03.26-,1000
790,apr/25/2026,08:43:54,D5YR9T,5RB/12JAM-TEH-ENTI,up-539-07.27.25-,4000
791,apr/25/2026,08:44:49,E2E4C,1RB/2JAM-Warung,up-634-01.31.26-,500
792,apr/25/2026,10:43:27,E4RZ4,2RB/4JAM-Warung,up-718-04.01.26-,1500
793,apr/25/2026,11:00:56,E4EPD,2RB/4JAM-Warung,up-718-04.01.26-,1500
794,apr/25/2026,11:09:38,E2UG6,1RB/2JAM-Warung,up-780-01.31.26-,500
795,apr/25/2026,11:34:12,B4HZJ,2RB/4JAM-ILHAM,up-883-02.03.26-,1000
796,apr/25/2026,13:14:10,E2SJX,1RB/2JAM-Warung,up-780-01.31.26-,500
797,apr/25/2026,13:28:44,E4DVS,2RB/4JAM-Warung,up-718-04.01.26-,1500
798,apr/25/2026,17:53:05,E4HXL,2RB/4JAM-Warung,up-718-04.01.26-,1500
799,apr/25/2026,18:35:59,E2ZFH,1RB/2JAM-Warung,up-634-01.31.26-,500
800,apr/25/2026,19:27:58,E45DP,2RB/4JAM-Warung,up-718-04.01.26-,1500
801,apr/25/2026,19:35:38,E538C,5RB/12JAM-Warung,up-863-12.30.25-301225,4000
802,apr/25/2026,19:37:38,E439E,2RB/4JAM-Warung,up-718-04.01.26-,1500
803,apr/25/2026,20:04:35,C1DER,1RB/2JAM-TEH-ENTI,up-455-02.04.26-,500
804,apr/25/2026,20:07:53,C1B7G,1RB/2JAM-TEH-ENTI,up-455-02.04.26-,500
805,apr/25/2026,20:16:03,E5UWN,5RB/12JAM-Warung,up-863-12.30.25-301225,4000
806,apr/25/2026,20:44:05,E4KB9,2RB/4JAM-Warung,up-718-04.01.26-,1500
807,apr/25/2026,20:57:11,E4S58,2RB/4JAM-Warung,up-718-04.01.26-,1500
808,apr/25/2026,21:03:49,E25NR,1RB/2JAM-Warung,up-634-01.31.26-,500
809,apr/25/2026,21:05:31,E2CEC,1RB/2JAM-Warung,up-780-01.31.26-,500
810,apr/25/2026,21:15:42,E2APX,1RB/2JAM-Warung,up-780-01.31.26-,500
811,apr/25/2026,21:19:39,E4AGM,2RB/4JAM-Warung,up-718-04.01.26-,1500
812,apr/25/2026,22:09:27,E245T,1RB/2JAM-Warung,up-780-01.31.26-,500
813,apr/25/2026,23:03:36,B5D99,5RB/12JAM-ILHAM,up-371-11.22.24-,3000
814,apr/25/2026,23:26:41,B4BF4,2RB/4JAM-ILHAM,up-883-02.03.26-,1000
815,apr/26/2026,01:13:55,B4CDU,2RB/4JAM-ILHAM,up-883-02.03.26-,1000
816,apr/26/2026,01:15:02,E4MN4,2RB/4JAM-Warung,up-718-04.01.26-,1500
817,apr/26/2026,06:03:30,C283G,2RB/4JAM-TEH-ENTI,up-147-02.04.26-,1500
818,apr/26/2026,07:46:30,B4TKL,2RB/4JAM-ILHAM,up-883-02.03.26-,1000
819,apr/26/2026,07:57:14,E2DZJ,1RB/2JAM-Warung,up-780-01.31.26-,500
820,apr/26/2026,08:12:10,C2XD9,2RB/4JAM-TEH-ENTI,up-147-02.04.26-,1500
821,apr/26/2026,08:52:49,C2K95,2RB/4JAM-TEH-ENTI,up-147-02.04.26-,1500
822,apr/26/2026,10:15:46,C23XH,2RB/4JAM-TEH-ENTI,up-147-02.04.26-,1500
823,apr/26/2026,11:09:52,C2NSL,2RB/4JAM-TEH-ENTI,up-147-02.04.26-,1500
824,apr/26/2026,12:40:55,E47WT,2RB/4JAM-Warung,up-718-04.01.26-,1500
825,apr/26/2026,12:59:51,E2783,1RB/2JAM-Warung,up-780-01.31.26-,500
826,apr/26/2026,13:15:28,E4H3Y,2RB/4JAM-Warung,up-718-04.01.26-,1500
827,apr/26/2026,13:17:21,E4FU4,2RB/4JAM-Warung,up-718-04.01.26-,1500
828,apr/26/2026,14:53:44,C1KPC,1RB/2JAM-TEH-ENTI,up-455-02.04.26-,500
829,apr/26/2026,14:58:40,E47GL,2RB/4JAM-Warung,up-718-04.01.26-,1500
830,apr/26/2026,15:19:45,C1H9V,1RB/2JAM-TEH-ENTI,up-455-02.04.26-,500
831,apr/26/2026,16:31:54,E4C26,2RB/4JAM-Warung,up-718-04.01.26-,1500
832,apr/26/2026,17:06:32,C2S9G,2RB/4JAM-TEH-ENTI,up-147-02.04.26-,1500
833,apr/26/2026,18:21:50,E4EJS,2RB/4JAM-Warung,up-718-04.01.26-,1500
834,apr/26/2026,19:16:51,E4K4X,2RB/4JAM-Warung,up-718-04.01.26-,1500
835,apr/26/2026,19:32:18,E4ZUL,2RB/4JAM-Warung,up-718-04.01.26-,1500
836,apr/26/2026,19:37:21,E4H62,2RB/4JAM-Warung,up-718-04.01.26-,1500
837,apr/26/2026,19:54:32,E4MCB,2RB/4JAM-Warung,up-718-04.01.26-,1500
838,apr/26/2026,20:01:02,E2KT7,1RB/2JAM-Warung,up-780-01.31.26-,500
839,apr/26/2026,20:14:34,C1BHE,1RB/2JAM-TEH-ENTI,up-455-02.04.26-,500
840,apr/26/2026,20:54:09,E2YJD,1RB/2JAM-Warung,up-634-01.31.26-,500
841,apr/26/2026,21:44:50,E2797,1RB/2JAM-Warung,up-634-01.31.26-,500
842,apr/26/2026,22:33:15,E42FT,2RB/4JAM-Warung,up-718-04.01.26-,1500
843,apr/26/2026,22:47:15,E48FV,2RB/4JAM-Warung,up-718-04.01.26-,1500
844,apr/26/2026,23:03:42,E5J88,5RB/12JAM-Warung,up-863-12.30.25-301225,4000
845,apr/26/2026,23:41:33,E4PS8,2RB/4JAM-Warung,up-718-04.01.26-,1500
846,apr/26/2026,23:54:16,E53XE,5RB/12JAM-Warung,up-863-12.30.25-301225,4000
847,apr/27/2026,00:05:04,E2XMG,1RB/2JAM-Warung,up-634-01.31.26-,500
848,apr/27/2026,00:15:00,B4RY6,2RB/4JAM-ILHAM,up-239-02.03.26-,1000
849,apr/27/2026,00:26:27,B4GEK,2RB/4JAM-ILHAM,up-883-02.03.26-,1000
850,apr/27/2026,02:15:10,E4M83,2RB/4JAM-Warung,up-718-04.01.26-,1500
851,apr/27/2026,05:31:22,C2KMP,2RB/4JAM-TEH-ENTI,up-147-02.04.26-,1500
852,apr/27/2026,07:41:08,E2BCK,1RB/2JAM-Warung,up-780-01.31.26-,500
853,apr/27/2026,07:42:35,C2ZYP,2RB/4JAM-TEH-ENTI,up-147-02.04.26-,1500
854,apr/27/2026,08:13:46,E4ZXS,2RB/4JAM-Warung,up-718-04.01.26-,1500
855,apr/27/2026,11:04:16,E4Z8H,2RB/4JAM-Warung,up-718-04.01.26-,1500
856,apr/27/2026,12:32:09,E43RU,2RB/4JAM-Warung,up-718-04.01.26-,1500
857,apr/27/2026,12:40:17,H5UBK,5RB/12JAM-HOME,up-921-07.22.24-,3000
858,apr/27/2026,12:54:02,E45U8,2RB/4JAM-Warung,up-718-04.01.26-,1500
859,apr/27/2026,13:28:16,E4YW4,2RB/4JAM-Warung,up-718-04.01.26-,1500
860,apr/27/2026,14:06:06,E4NTL,2RB/4JAM-Warung,up-718-04.01.26-,1500
861,apr/27/2026,15:24:52,E2K5M,1RB/2JAM-Warung,up-780-01.31.26-,500
862,apr/27/2026,15:26:10,E24FC,1RB/2JAM-Warung,up-780-01.31.26-,500
863,apr/27/2026,17:28:04,E2V3T,1RB/2JAM-Warung,up-780-01.31.26-,500
864,apr/27/2026,17:43:08,E4TLJ,2RB/4JAM-Warung,up-718-04.01.26-,1500
865,apr/27/2026,17:44:17,E4EPF,2RB/4JAM-Warung,up-718-04.01.26-,1500
866,apr/27/2026,19:38:37,E2AB9,1RB/2JAM-Warung,up-780-01.31.26-,500
867,apr/27/2026,19:43:56,B4EF2,2RB/4JAM-ILHAM,up-883-02.03.26-,1000
868,apr/27/2026,19:48:30,E4SX8,2RB/4JAM-Warung,up-718-04.01.26-,1500
869,apr/27/2026,19:51:15,E2TYB,1RB/2JAM-Warung,up-780-01.31.26-,500
870,apr/27/2026,19:58:18,E2K6Z,1RB/2JAM-Warung,up-634-01.31.26-,500
871,apr/27/2026,20:39:24,E2TFS,1RB/2JAM-Warung,up-634-01.31.26-,500
872,apr/27/2026,21:08:30,E4ZJV,2RB/4JAM-Warung,up-718-04.01.26-,1500
873,apr/27/2026,21:14:02,E4MR5,2RB/4JAM-Warung,up-718-04.01.26-,1500
874,apr/27/2026,21:20:15,E4HXD,2RB/4JAM-Warung,up-718-04.01.26-,1500
875,apr/27/2026,21:21:47,E28EJ,1RB/2JAM-Warung,up-634-01.31.26-,500
876,apr/27/2026,21:47:05,E4Z7K,2RB/4JAM-Warung,up-718-04.01.26-,1500
877,apr/27/2026,21:48:56,E4F4E,2RB/4JAM-Warung,up-718-04.01.26-,1500
878,apr/27/2026,21:53:08,E2TEC,1RB/2JAM-Warung,up-634-01.31.26-,500
879,apr/27/2026,21:56:24,D5FGH2,5RB/12JAM-TEH-ENTI,up-539-07.27.25-,4000
880,apr/27/2026,23:43:19,E4VYD,2RB/4JAM-Warung,up-718-04.01.26-,1500
881,apr/27/2026,23:47:16,B4HKX,2RB/4JAM-ILHAM,up-883-02.03.26-,1000
882,apr/28/2026,00:43:55,E25AS,1RB/2JAM-Warung,up-780-01.31.26-,500
883,apr/28/2026,01:25:22,E45DW,2RB/4JAM-Warung,up-718-04.01.26-,1500
884,apr/28/2026,06:06:45,C282M,2RB/4JAM-TEH-ENTI,up-147-02.04.26-,1500
885,apr/28/2026,08:40:16,E2YDP,1RB/2JAM-Warung,up-634-01.31.26-,500
886,apr/28/2026,11:14:24,E2K2W,1RB/2JAM-Warung,up-634-01.31.26-,500
887,apr/28/2026,11:51:59,E2YHK,1RB/2JAM-Warung,up-780-01.31.26-,500
888,apr/28/2026,11:59:01,E4ZLD,2RB/4JAM-Warung,up-718-04.01.26-,1500
889,apr/28/2026,12:08:12,D5NF6L,5RB/12JAM-TEH-ENTI,up-539-07.27.25-,4000
890,apr/28/2026,12:35:04,E4DP4,2RB/4JAM-Warung,up-718-04.01.26-,1500
891,apr/28/2026,13:12:20,E4XCZ,2RB/4JAM-Warung,up-718-04.01.26-,1500
892,apr/28/2026,13:28:37,C28UN,2RB/4JAM-TEH-ENTI,up-147-02.04.26-,1500
893,apr/28/2026,14:57:52,E24UY,1RB/2JAM-Warung,up-780-01.31.26-,500
894,apr/28/2026,15:37:21,E47AZ,2RB/4JAM-Warung,up-718-04.01.26-,1500
895,apr/28/2026,15:52:46,E2CMV,1RB/2JAM-Warung,up-634-01.31.26-,500
896,apr/28/2026,15:59:05,E2HPT,1RB/2JAM-Warung,up-634-01.31.26-,500
897,apr/28/2026,16:46:41,E2433,1RB/2JAM-Warung,up-780-01.31.26-,500
898,apr/28/2026,16:49:40,E2RKG,1RB/2JAM-Warung,up-780-01.31.26-,500
899,apr/28/2026,17:48:26,E45L4,2RB/4JAM-Warung,up-718-04.01.26-,1500
900,apr/28/2026,18:05:48,E4A2X,2RB/4JAM-Warung,up-718-04.01.26-,1500
901,apr/28/2026,18:12:02,E4B4R,2RB/4JAM-Warung,up-718-04.01.26-,1500
902,apr/28/2026,18:29:57,E2VT4,1RB/2JAM-Warung,up-634-01.31.26-,500
903,apr/28/2026,18:30:03,E4ZG3,2RB/4JAM-Warung,up-718-04.01.26-,1500
904,apr/28/2026,18:45:11,B49RW,2RB/4JAM-ILHAM,up-883-02.03.26-,1000
905,apr/28/2026,19:20:50,E4CU9,2RB/4JAM-Warung,up-718-04.01.26-,1500
906,apr/28/2026,19:36:12,E2659,1RB/2JAM-Warung,up-634-01.31.26-,500
907,apr/28/2026,19:58:47,E2LD6,1RB/2JAM-Warung,up-780-01.31.26-,500
908,apr/28/2026,20:10:44,E4UK8,2RB/4JAM-Warung,up-718-04.01.26-,1500
909,apr/28/2026,20:37:09,C1MT6,1RB/2JAM-TEH-ENTI,up-455-02.04.26-,500
910,apr/28/2026,21:21:52,E2R3T,1RB/2JAM-Warung,up-780-01.31.26-,500
911,apr/28/2026,21:37:00,E28KJ,1RB/2JAM-Warung,up-780-01.31.26-,500
912,apr/28/2026,22:10:05,B49VM,2RB/4JAM-ILHAM,up-239-02.03.26-,1000
913,apr/28/2026,22:16:14,B476X,2RB/4JAM-ILHAM,up-239-02.03.26-,1000
914,apr/28/2026,22:31:16,E44HW,2RB/4JAM-Warung,up-718-04.01.26-,1500
915,apr/28/2026,22:59:52,E4SJX,2RB/4JAM-Warung,up-718-04.01.26-,1500
916,apr/28/2026,23:28:03,E4TS8,2RB/4JAM-Warung,up-718-04.01.26-,1500
917,apr/28/2026,23:39:20,E52Y9,5RB/12JAM-Warung,up-863-12.30.25-301225,4000
918,apr/29/2026,01:08:34,B4RK9,2RB/4JAM-ILHAM,up-239-02.03.26-,1000
919,apr/29/2026,03:31:51,E4BZD,2RB/4JAM-Warung,up-718-04.01.26-,1500
920,apr/29/2026,09:38:19,E56SL,5RB/12JAM-Warung,up-863-12.30.25-301225,4000
921,apr/29/2026,09:45:25,E2LPH,1RB/2JAM-Warung,up-634-01.31.26-,500
922,apr/29/2026,09:58:08,E2TJW,1RB/2JAM-Warung,up-634-01.31.26-,500
923,apr/29/2026,11:01:57,E5FA2,5RB/12JAM-Warung,up-863-12.30.25-301225,4000
924,apr/29/2026,11:15:05,E474H,2RB/4JAM-Warung,up-718-04.01.26-,1500
925,apr/29/2026,11:18:30,E4NNY,2RB/4JAM-Warung,up-718-04.01.26-,1500
926,apr/29/2026,12:08:05,E5LES,5RB/12JAM-Warung,up-863-12.30.25-301225,4000
927,apr/29/2026,12:14:43,E4HER,2RB/4JAM-Warung,up-718-04.01.26-,1500
928,apr/29/2026,13:30:13,E4T6R,2RB/4JAM-Warung,up-718-04.01.26-,1500
929,apr/29/2026,13:52:02,E4TC5,2RB/4JAM-Warung,up-718-04.01.26-,1500
930,apr/29/2026,14:31:57,C1578,1RB/2JAM-TEH-ENTI,up-455-02.04.26-,500
931,apr/29/2026,14:46:43,E2XH5,1RB/2JAM-Warung,up-634-01.31.26-,500
932,apr/29/2026,14:53:15,B4PLH,2RB/4JAM-ILHAM,up-883-02.03.26-,1000
933,apr/29/2026,14:55:52,E4DR2,2RB/4JAM-Warung,up-718-04.01.26-,1500
934,apr/29/2026,14:56:08,E23WW,1RB/2JAM-Warung,up-634-01.31.26-,500
935,apr/29/2026,15:06:09,B42HR,2RB/4JAM-ILHAM,up-239-02.03.26-,1000
936,apr/29/2026,15:23:41,E2475,1RB/2JAM-Warung,up-634-01.31.26-,500
937,apr/29/2026,15:48:25,E2295,1RB/2JAM-Warung,up-634-01.31.26-,500
938,apr/29/2026,16:31:39,E2WU7,1RB/2JAM-Warung,up-634-01.31.26-,500
939,apr/29/2026,16:54:02,E44B7,2RB/4JAM-Warung,up-718-04.01.26-,1500
940,apr/29/2026,17:01:38,E2A6D,1RB/2JAM-Warung,up-634-01.31.26-,500
941,apr/29/2026,17:25:55,E436M,2RB/4JAM-Warung,up-718-04.01.26-,1500
942,apr/29/2026,18:31:12,E4VWU,2RB/4JAM-Warung,up-718-04.01.26-,1500
943,apr/29/2026,20:06:02,E4ZUT,2RB/4JAM-Warung,up-718-04.01.26-,1500
944,apr/29/2026,20:11:13,B4LBC,2RB/4JAM-ILHAM,up-239-02.03.26-,1000
945,apr/29/2026,20:13:55,E2J6T,1RB/2JAM-Warung,up-634-01.31.26-,500
946,apr/29/2026,20:41:33,E454F,2RB/4JAM-Warung,up-718-04.01.26-,1500
947,apr/29/2026,22:16:25,E4H4D,2RB/4JAM-Warung,up-718-04.01.26-,1500
948,apr/29/2026,23:31:59,E4BSD,2RB/4JAM-Warung,up-718-04.01.26-,1500
949,apr/30/2026,00:00:13,E4GR5,2RB/4JAM-Warung,up-718-04.01.26-,1500
950,apr/30/2026,01:24:28,E4SGP,2RB/4JAM-Warung,up-718-04.01.26-,1500
951,apr/30/2026,07:20:19,E5W6C,5RB/12JAM-Warung,up-863-12.30.25-301225,4000
952,apr/30/2026,08:43:10,B4J82,2RB/4JAM-ILHAM,up-239-02.03.26-,1000
953,apr/30/2026,11:27:02,E5YWZ,5RB/12JAM-Warung,up-863-12.30.25-301225,4000
954,apr/30/2026,12:37:17,C2WA4,2RB/4JAM-TEH-ENTI,up-147-02.04.26-,1500
955,apr/30/2026,12:44:44,C2FVB,2RB/4JAM-TEH-ENTI,up-147-02.04.26-,1500
956,apr/30/2026,13:25:42,C1P5K,1RB/2JAM-TEH-ENTI,up-455-02.04.26-,500
957,apr/30/2026,13:32:51,E2XBT,1RB/2JAM-Warung,up-634-01.31.26-,500
958,apr/30/2026,13:54:51,E2SE9,1RB/2JAM-Warung,up-780-01.31.26-,500
959,apr/30/2026,14:21:08,E4ME9,2RB/4JAM-Warung,up-718-04.01.26-,1500
960,apr/30/2026,14:45:57,E2936,1RB/2JAM-Warung,up-780-01.31.26-,500
961,apr/30/2026,15:18:14,E2SKM,1RB/2JAM-Warung,up-780-01.31.26-,500
962,apr/30/2026,15:45:53,B476M,2RB/4JAM-ILHAM,up-239-02.03.26-,1000
963,apr/30/2026,16:27:41,E5GDS,5RB/12JAM-Warung,up-863-12.30.25-301225,4000
964,apr/30/2026,16:38:12,E5TUY,5RB/12JAM-Warung,up-863-12.30.25-301225,4000
965,apr/30/2026,17:15:04,C289A,2RB/4JAM-TEH-ENTI,up-147-02.04.26-,1500
966,apr/30/2026,17:15:16,E4RF7,2RB/4JAM-Warung,up-718-04.01.26-,1500
967,apr/30/2026,17:40:40,E4ZYK,2RB/4JAM-Warung,up-718-04.01.26-,1500
968,apr/30/2026,17:42:00,E294K,1RB/2JAM-Warung,up-634-01.31.26-,500
969,apr/30/2026,17:52:45,E4VM2,2RB/4JAM-Warung,up-718-04.01.26-,1500
970,apr/30/2026,18:13:20,E2CWL,1RB/2JAM-Warung,up-634-01.31.26-,500
971,apr/30/2026,18:22:55,E2RAB,1RB/2JAM-Warung,up-634-01.31.26-,500
972,apr/30/2026,18:38:50,E2JP4,1RB/2JAM-Warung,up-780-01.31.26-,500
973,apr/30/2026,19:05:36,E4DWW,2RB/4JAM-Warung,up-718-04.01.26-,1500
974,apr/30/2026,19:16:20,E5PSZ,5RB/12JAM-Warung,up-863-12.30.25-301225,4000
975,apr/30/2026,19:17:12,E2YHD,1RB/2JAM-Warung,up-780-01.31.26-,500
976,apr/30/2026,19:41:53,E2BYY,1RB/2JAM-Warung,up-634-01.31.26-,500
977,apr/30/2026,20:14:58,E2V5V,1RB/2JAM-Warung,up-780-01.31.26-,500
978,apr/30/2026,21:07:16,E47YS,2RB/4JAM-Warung,up-718-04.01.26-,1500
979,apr/30/2026,21:08:10,E4AXS,2RB/4JAM-Warung,up-718-04.01.26-,1500
980,apr/30/2026,21:08:29,C2WXX,2RB/4JAM-TEH-ENTI,up-147-02.04.26-,1500
981,apr/30/2026,21:12:43,E2XAA,1RB/2JAM-Warung,up-780-01.31.26-,500
982,apr/30/2026,21:24:44,E2V9L,1RB/2JAM-Warung,up-634-01.31.26-,500
983,apr/30/2026,21:59:24,D568M4,5RB/12JAM-TEH-ENTI,up-539-07.27.25-,4000
984,apr/30/2026,22:12:45,E4MUG,2RB/4JAM-Warung,up-718-04.01.26-,1500
985,apr/30/2026,22:38:20,E5ZBK,5RB/12JAM-Warung,up-863-12.30.25-301225,4000
986,apr/30/2026,22:52:10,B4GW8,2RB/4JAM-ILHAM,up-239-02.03.26-,1000
987,apr/30/2026,23:25:15,E27MN,1RB/2JAM-Warung,up-780-01.31.26-,500
988,apr/30/2026,23:36:34,E4KFE,2RB/4JAM-Warung,up-718-04.01.26-,1500
989,apr/30/2026,23:52:37,E4MAL,2RB/4JAM-Warung,up-718-04.01.26-,1500
